Timing Analyzer report for TCP
Sat Jan 31 09:48:14 2026
Quartus Prime Version 19.1.0 Build 670 09/22/2019 SJ Lite Edition


---------------------
; Table of Contents ;
---------------------
  1. Legal Notice
  2. Timing Analyzer Summary
  3. Parallel Compilation
  4. Clocks
  5. Slow 1200mV 85C Model Fmax Summary
  6. Timing Closure Recommendations
  7. Slow 1200mV 85C Model Setup Summary
  8. Slow 1200mV 85C Model Hold Summary
  9. Slow 1200mV 85C Model Recovery Summary
 10. Slow 1200mV 85C Model Removal Summary
 11. Slow 1200mV 85C Model Minimum Pulse Width Summary
 12. Slow 1200mV 85C Model Setup: 'clock'
 13. Slow 1200mV 85C Model Hold: 'clock'
 14. Slow 1200mV 85C Model Metastability Summary
 15. Slow 1200mV 0C Model Fmax Summary
 16. Slow 1200mV 0C Model Setup Summary
 17. Slow 1200mV 0C Model Hold Summary
 18. Slow 1200mV 0C Model Recovery Summary
 19. Slow 1200mV 0C Model Removal Summary
 20. Slow 1200mV 0C Model Minimum Pulse Width Summary
 21. Slow 1200mV 0C Model Setup: 'clock'
 22. Slow 1200mV 0C Model Hold: 'clock'
 23. Slow 1200mV 0C Model Metastability Summary
 24. Fast 1200mV 0C Model Setup Summary
 25. Fast 1200mV 0C Model Hold Summary
 26. Fast 1200mV 0C Model Recovery Summary
 27. Fast 1200mV 0C Model Removal Summary
 28. Fast 1200mV 0C Model Minimum Pulse Width Summary
 29. Fast 1200mV 0C Model Setup: 'clock'
 30. Fast 1200mV 0C Model Hold: 'clock'
 31. Fast 1200mV 0C Model Metastability Summary
 32. Multicorner Timing Analysis Summary
 33. Board Trace Model Assignments
 34. Input Transition Times
 35. Signal Integrity Metrics (Slow 1200mv 0c Model)
 36. Signal Integrity Metrics (Slow 1200mv 85c Model)
 37. Signal Integrity Metrics (Fast 1200mv 0c Model)
 38. Setup Transfers
 39. Hold Transfers
 40. Report TCCS
 41. Report RSKM
 42. Unconstrained Paths Summary
 43. Clock Status Summary
 44. Unconstrained Input Ports
 45. Unconstrained Output Ports
 46. Unconstrained Input Ports
 47. Unconstrained Output Ports
 48. Timing Analyzer Messages



----------------
; Legal Notice ;
----------------
Copyright (C) 2019  Intel Corporation. All rights reserved.
Your use of Intel Corporation's design tools, logic functions 
and other software and tools, and any partner logic 
functions, and any output files from any of the foregoing 
(including device programming or simulation files), and any 
associated documentation or information are expressly subject 
to the terms and conditions of the Intel Program License 
Subscription Agreement, the Intel Quartus Prime License Agreement,
the Intel FPGA IP License Agreement, or other applicable license
agreement, including, without limitation, that your use is for
the sole purpose of programming logic devices manufactured by
Intel and sold by Intel or its authorized distributors.  Please
refer to the applicable agreement for further details, at
https://fpgasoftware.intel.com/eula.



+-----------------------------------------------------------------------------+
; Timing Analyzer Summary                                                     ;
+-----------------------+-----------------------------------------------------+
; Quartus Prime Version ; Version 19.1.0 Build 670 09/22/2019 SJ Lite Edition ;
; Timing Analyzer       ; Legacy Timing Analyzer                              ;
; Revision Name         ; TCP                                                 ;
; Device Family         ; Cyclone IV E                                        ;
; Device Name           ; EP4CE6F17C6                                         ;
; Timing Models         ; Final                                               ;
; Delay Model           ; Combined                                            ;
; Rise/Fall Delays      ; Enabled                                             ;
+-----------------------+-----------------------------------------------------+


+------------------------------------------+
; Parallel Compilation                     ;
+----------------------------+-------------+
; Processors                 ; Number      ;
+----------------------------+-------------+
; Number detected on machine ; 8           ;
; Maximum allowed            ; 8           ;
;                            ;             ;
; Average used               ; 1.06        ;
; Maximum used               ; 8           ;
;                            ;             ;
; Usage by Processor         ; % Time Used ;
;     Processor 1            ; 100.0%      ;
;     Processors 2-8         ;   0.9%      ;
+----------------------------+-------------+


+-----------------------------------------------------------------------------------------------------------------------------------------------------------------------------------+
; Clocks                                                                                                                                                                            ;
+------------+------+--------+------------+-------+-------+------------+-----------+-------------+-------+--------+-----------+------------+----------+--------+--------+-----------+
; Clock Name ; Type ; Period ; Frequency  ; Rise  ; Fall  ; Duty Cycle ; Divide by ; Multiply by ; Phase ; Offset ; Edge List ; Edge Shift ; Inverted ; Master ; Source ; Targets   ;
+------------+------+--------+------------+-------+-------+------------+-----------+-------------+-------+--------+-----------+------------+----------+--------+--------+-----------+
; clock      ; Base ; 1.000  ; 1000.0 MHz ; 0.000 ; 0.500 ;            ;           ;             ;       ;        ;           ;            ;          ;        ;        ; { clock } ;
+------------+------+--------+------------+-------+-------+------------+-----------+-------------+-------+--------+-----------+------------+----------+--------+--------+-----------+


+-----------------------------------------------------------------------------------------------------------+
; Slow 1200mV 85C Model Fmax Summary                                                                        ;
+------------+-----------------+------------+---------------------------------------------------------------+
; Fmax       ; Restricted Fmax ; Clock Name ; Note                                                          ;
+------------+-----------------+------------+---------------------------------------------------------------+
; 314.66 MHz ; 250.0 MHz       ; clock      ; limit due to minimum period restriction (max I/O toggle rate) ;
+------------+-----------------+------------+---------------------------------------------------------------+
This panel reports FMAX for every clock in the design, regardless of the user-specified clock periods.  FMAX is only computed for paths where the source and destination registers or ports are driven by the same clock.  Paths of different clocks, including generated clocks, are ignored.  For paths between a clock and its inversion, FMAX is computed as if the rising and falling edges are scaled along with FMAX, such that the duty cycle (in terms of a percentage) is maintained. Altera recommends that you always use clock constraints and other slack reports for sign-off analysis.


----------------------------------
; Timing Closure Recommendations ;
----------------------------------
HTML report is unavailable in plain text report export.


+-------------------------------------+
; Slow 1200mV 85C Model Setup Summary ;
+-------+--------+--------------------+
; Clock ; Slack  ; End Point TNS      ;
+-------+--------+--------------------+
; clock ; -2.178 ; -323.011           ;
+-------+--------+--------------------+


+------------------------------------+
; Slow 1200mV 85C Model Hold Summary ;
+-------+-------+--------------------+
; Clock ; Slack ; End Point TNS      ;
+-------+-------+--------------------+
; clock ; 0.332 ; 0.000              ;
+-------+-------+--------------------+


------------------------------------------
; Slow 1200mV 85C Model Recovery Summary ;
------------------------------------------
No paths to report.


-----------------------------------------
; Slow 1200mV 85C Model Removal Summary ;
-----------------------------------------
No paths to report.


+---------------------------------------------------+
; Slow 1200mV 85C Model Minimum Pulse Width Summary ;
+-------+--------+----------------------------------+
; Clock ; Slack  ; End Point TNS                    ;
+-------+--------+----------------------------------+
; clock ; -3.000 ; -200.000                         ;
+-------+--------+----------------------------------+


+------------------------------------------------------------------------------------------------------------+
; Slow 1200mV 85C Model Setup: 'clock'                                                                       ;
+--------+-----------+-----------------+--------------+-------------+--------------+------------+------------+
; Slack  ; From Node ; To Node         ; Launch Clock ; Latch Clock ; Relationship ; Clock Skew ; Data Delay ;
+--------+-----------+-----------------+--------------+-------------+--------------+------------+------------+
; -2.178 ; rx_cnt[6] ; c_ip[31]        ; clock        ; clock       ; 1.000        ; -0.064     ; 3.109      ;
; -2.178 ; rx_cnt[6] ; c_ip[28]        ; clock        ; clock       ; 1.000        ; -0.064     ; 3.109      ;
; -2.178 ; rx_cnt[6] ; c_ip[25]        ; clock        ; clock       ; 1.000        ; -0.064     ; 3.109      ;
; -2.178 ; rx_cnt[6] ; c_ip[23]        ; clock        ; clock       ; 1.000        ; -0.064     ; 3.109      ;
; -2.178 ; rx_cnt[6] ; c_ip[20]        ; clock        ; clock       ; 1.000        ; -0.064     ; 3.109      ;
; -2.178 ; rx_cnt[6] ; c_ip[17]        ; clock        ; clock       ; 1.000        ; -0.064     ; 3.109      ;
; -2.178 ; rx_cnt[6] ; c_ip[15]        ; clock        ; clock       ; 1.000        ; -0.064     ; 3.109      ;
; -2.178 ; rx_cnt[6] ; c_ip[9]         ; clock        ; clock       ; 1.000        ; -0.064     ; 3.109      ;
; -2.087 ; rx_cnt[6] ; rx_dest_mac[39] ; clock        ; clock       ; 1.000        ; -0.078     ; 3.004      ;
; -2.087 ; rx_cnt[6] ; rx_dest_mac[38] ; clock        ; clock       ; 1.000        ; -0.078     ; 3.004      ;
; -2.087 ; rx_cnt[6] ; rx_dest_mac[37] ; clock        ; clock       ; 1.000        ; -0.078     ; 3.004      ;
; -2.087 ; rx_cnt[6] ; rx_dest_mac[31] ; clock        ; clock       ; 1.000        ; -0.078     ; 3.004      ;
; -2.087 ; rx_cnt[6] ; rx_dest_mac[30] ; clock        ; clock       ; 1.000        ; -0.078     ; 3.004      ;
; -2.087 ; rx_cnt[6] ; rx_dest_mac[28] ; clock        ; clock       ; 1.000        ; -0.078     ; 3.004      ;
; -2.087 ; rx_cnt[6] ; rx_dest_mac[29] ; clock        ; clock       ; 1.000        ; -0.078     ; 3.004      ;
; -2.084 ; rx_cnt[6] ; c_ip[30]        ; clock        ; clock       ; 1.000        ; -0.070     ; 3.009      ;
; -2.084 ; rx_cnt[6] ; c_ip[29]        ; clock        ; clock       ; 1.000        ; -0.070     ; 3.009      ;
; -2.084 ; rx_cnt[6] ; c_ip[26]        ; clock        ; clock       ; 1.000        ; -0.070     ; 3.009      ;
; -2.084 ; rx_cnt[6] ; c_ip[21]        ; clock        ; clock       ; 1.000        ; -0.070     ; 3.009      ;
; -2.084 ; rx_cnt[6] ; c_ip[18]        ; clock        ; clock       ; 1.000        ; -0.070     ; 3.009      ;
; -2.084 ; rx_cnt[6] ; c_ip[10]        ; clock        ; clock       ; 1.000        ; -0.070     ; 3.009      ;
; -1.987 ; rx_cnt[7] ; c_ip[31]        ; clock        ; clock       ; 1.000        ; -0.064     ; 2.918      ;
; -1.987 ; rx_cnt[7] ; c_ip[28]        ; clock        ; clock       ; 1.000        ; -0.064     ; 2.918      ;
; -1.987 ; rx_cnt[7] ; c_ip[25]        ; clock        ; clock       ; 1.000        ; -0.064     ; 2.918      ;
; -1.987 ; rx_cnt[7] ; c_ip[23]        ; clock        ; clock       ; 1.000        ; -0.064     ; 2.918      ;
; -1.987 ; rx_cnt[7] ; c_ip[20]        ; clock        ; clock       ; 1.000        ; -0.064     ; 2.918      ;
; -1.987 ; rx_cnt[7] ; c_ip[17]        ; clock        ; clock       ; 1.000        ; -0.064     ; 2.918      ;
; -1.987 ; rx_cnt[7] ; c_ip[15]        ; clock        ; clock       ; 1.000        ; -0.064     ; 2.918      ;
; -1.987 ; rx_cnt[7] ; c_ip[9]         ; clock        ; clock       ; 1.000        ; -0.064     ; 2.918      ;
; -1.985 ; rx_cnt[5] ; c_ip[31]        ; clock        ; clock       ; 1.000        ; -0.064     ; 2.916      ;
; -1.985 ; rx_cnt[5] ; c_ip[28]        ; clock        ; clock       ; 1.000        ; -0.064     ; 2.916      ;
; -1.985 ; rx_cnt[5] ; c_ip[25]        ; clock        ; clock       ; 1.000        ; -0.064     ; 2.916      ;
; -1.985 ; rx_cnt[5] ; c_ip[23]        ; clock        ; clock       ; 1.000        ; -0.064     ; 2.916      ;
; -1.985 ; rx_cnt[5] ; c_ip[20]        ; clock        ; clock       ; 1.000        ; -0.064     ; 2.916      ;
; -1.985 ; rx_cnt[5] ; c_ip[17]        ; clock        ; clock       ; 1.000        ; -0.064     ; 2.916      ;
; -1.985 ; rx_cnt[5] ; c_ip[15]        ; clock        ; clock       ; 1.000        ; -0.064     ; 2.916      ;
; -1.985 ; rx_cnt[5] ; c_ip[9]         ; clock        ; clock       ; 1.000        ; -0.064     ; 2.916      ;
; -1.948 ; rx_cnt[4] ; c_mac[42]       ; clock        ; clock       ; 1.000        ; -0.071     ; 2.872      ;
; -1.948 ; rx_cnt[4] ; c_mac[35]       ; clock        ; clock       ; 1.000        ; -0.071     ; 2.872      ;
; -1.948 ; rx_cnt[4] ; c_mac[34]       ; clock        ; clock       ; 1.000        ; -0.071     ; 2.872      ;
; -1.948 ; rx_cnt[4] ; c_mac[27]       ; clock        ; clock       ; 1.000        ; -0.071     ; 2.872      ;
; -1.948 ; rx_cnt[4] ; c_mac[26]       ; clock        ; clock       ; 1.000        ; -0.071     ; 2.872      ;
; -1.948 ; rx_cnt[4] ; c_mac[19]       ; clock        ; clock       ; 1.000        ; -0.071     ; 2.872      ;
; -1.948 ; rx_cnt[4] ; c_mac[11]       ; clock        ; clock       ; 1.000        ; -0.071     ; 2.872      ;
; -1.923 ; rx_cnt[6] ; rx_dest_ip[8]   ; clock        ; clock       ; 1.000        ; -0.064     ; 2.854      ;
; -1.923 ; rx_cnt[6] ; rx_dest_ip[9]   ; clock        ; clock       ; 1.000        ; -0.064     ; 2.854      ;
; -1.921 ; rx_cnt[4] ; c_mac[17]       ; clock        ; clock       ; 1.000        ; -0.080     ; 2.836      ;
; -1.921 ; rx_cnt[4] ; c_mac[9]        ; clock        ; clock       ; 1.000        ; -0.080     ; 2.836      ;
; -1.915 ; rx_cnt[5] ; c_ip[30]        ; clock        ; clock       ; 1.000        ; -0.070     ; 2.840      ;
; -1.915 ; rx_cnt[5] ; c_ip[29]        ; clock        ; clock       ; 1.000        ; -0.070     ; 2.840      ;
; -1.915 ; rx_cnt[5] ; c_ip[26]        ; clock        ; clock       ; 1.000        ; -0.070     ; 2.840      ;
; -1.915 ; rx_cnt[5] ; c_ip[21]        ; clock        ; clock       ; 1.000        ; -0.070     ; 2.840      ;
; -1.915 ; rx_cnt[5] ; c_ip[18]        ; clock        ; clock       ; 1.000        ; -0.070     ; 2.840      ;
; -1.915 ; rx_cnt[5] ; c_ip[10]        ; clock        ; clock       ; 1.000        ; -0.070     ; 2.840      ;
; -1.896 ; rx_cnt[7] ; rx_dest_mac[39] ; clock        ; clock       ; 1.000        ; -0.078     ; 2.813      ;
; -1.896 ; rx_cnt[7] ; rx_dest_mac[38] ; clock        ; clock       ; 1.000        ; -0.078     ; 2.813      ;
; -1.896 ; rx_cnt[7] ; rx_dest_mac[37] ; clock        ; clock       ; 1.000        ; -0.078     ; 2.813      ;
; -1.896 ; rx_cnt[7] ; rx_dest_mac[31] ; clock        ; clock       ; 1.000        ; -0.078     ; 2.813      ;
; -1.896 ; rx_cnt[7] ; rx_dest_mac[30] ; clock        ; clock       ; 1.000        ; -0.078     ; 2.813      ;
; -1.896 ; rx_cnt[7] ; rx_dest_mac[28] ; clock        ; clock       ; 1.000        ; -0.078     ; 2.813      ;
; -1.896 ; rx_cnt[7] ; rx_dest_mac[29] ; clock        ; clock       ; 1.000        ; -0.078     ; 2.813      ;
; -1.893 ; rx_cnt[7] ; c_ip[30]        ; clock        ; clock       ; 1.000        ; -0.070     ; 2.818      ;
; -1.893 ; rx_cnt[7] ; c_ip[29]        ; clock        ; clock       ; 1.000        ; -0.070     ; 2.818      ;
; -1.893 ; rx_cnt[7] ; c_ip[26]        ; clock        ; clock       ; 1.000        ; -0.070     ; 2.818      ;
; -1.893 ; rx_cnt[7] ; c_ip[21]        ; clock        ; clock       ; 1.000        ; -0.070     ; 2.818      ;
; -1.893 ; rx_cnt[7] ; c_ip[18]        ; clock        ; clock       ; 1.000        ; -0.070     ; 2.818      ;
; -1.893 ; rx_cnt[7] ; c_ip[10]        ; clock        ; clock       ; 1.000        ; -0.070     ; 2.818      ;
; -1.887 ; rx_cnt[4] ; c_mac[47]       ; clock        ; clock       ; 1.000        ; -0.073     ; 2.809      ;
; -1.887 ; rx_cnt[4] ; c_mac[46]       ; clock        ; clock       ; 1.000        ; -0.073     ; 2.809      ;
; -1.887 ; rx_cnt[4] ; c_mac[43]       ; clock        ; clock       ; 1.000        ; -0.073     ; 2.809      ;
; -1.887 ; rx_cnt[4] ; c_mac[39]       ; clock        ; clock       ; 1.000        ; -0.073     ; 2.809      ;
; -1.887 ; rx_cnt[4] ; c_mac[38]       ; clock        ; clock       ; 1.000        ; -0.073     ; 2.809      ;
; -1.887 ; rx_cnt[4] ; c_mac[31]       ; clock        ; clock       ; 1.000        ; -0.073     ; 2.809      ;
; -1.887 ; rx_cnt[4] ; c_mac[30]       ; clock        ; clock       ; 1.000        ; -0.073     ; 2.809      ;
; -1.887 ; rx_cnt[4] ; c_mac[23]       ; clock        ; clock       ; 1.000        ; -0.073     ; 2.809      ;
; -1.887 ; rx_cnt[4] ; c_mac[22]       ; clock        ; clock       ; 1.000        ; -0.073     ; 2.809      ;
; -1.887 ; rx_cnt[4] ; c_mac[14]       ; clock        ; clock       ; 1.000        ; -0.073     ; 2.809      ;
; -1.887 ; rx_cnt[4] ; c_ip[31]        ; clock        ; clock       ; 1.000        ; -0.064     ; 2.818      ;
; -1.887 ; rx_cnt[4] ; c_ip[28]        ; clock        ; clock       ; 1.000        ; -0.064     ; 2.818      ;
; -1.887 ; rx_cnt[4] ; c_ip[25]        ; clock        ; clock       ; 1.000        ; -0.064     ; 2.818      ;
; -1.887 ; rx_cnt[4] ; c_ip[23]        ; clock        ; clock       ; 1.000        ; -0.064     ; 2.818      ;
; -1.887 ; rx_cnt[4] ; c_ip[20]        ; clock        ; clock       ; 1.000        ; -0.064     ; 2.818      ;
; -1.887 ; rx_cnt[4] ; c_ip[17]        ; clock        ; clock       ; 1.000        ; -0.064     ; 2.818      ;
; -1.887 ; rx_cnt[4] ; c_ip[15]        ; clock        ; clock       ; 1.000        ; -0.064     ; 2.818      ;
; -1.887 ; rx_cnt[4] ; c_ip[9]         ; clock        ; clock       ; 1.000        ; -0.064     ; 2.818      ;
; -1.849 ; rx_cnt[1] ; c_ip[31]        ; clock        ; clock       ; 1.000        ; -0.064     ; 2.780      ;
; -1.849 ; rx_cnt[1] ; c_ip[28]        ; clock        ; clock       ; 1.000        ; -0.064     ; 2.780      ;
; -1.849 ; rx_cnt[1] ; c_ip[25]        ; clock        ; clock       ; 1.000        ; -0.064     ; 2.780      ;
; -1.849 ; rx_cnt[1] ; c_ip[23]        ; clock        ; clock       ; 1.000        ; -0.064     ; 2.780      ;
; -1.849 ; rx_cnt[1] ; c_ip[20]        ; clock        ; clock       ; 1.000        ; -0.064     ; 2.780      ;
; -1.849 ; rx_cnt[1] ; c_ip[17]        ; clock        ; clock       ; 1.000        ; -0.064     ; 2.780      ;
; -1.849 ; rx_cnt[1] ; c_ip[15]        ; clock        ; clock       ; 1.000        ; -0.064     ; 2.780      ;
; -1.849 ; rx_cnt[1] ; c_ip[9]         ; clock        ; clock       ; 1.000        ; -0.064     ; 2.780      ;
; -1.840 ; rx_cnt[1] ; c_mac[42]       ; clock        ; clock       ; 1.000        ; -0.071     ; 2.764      ;
; -1.840 ; rx_cnt[1] ; c_mac[35]       ; clock        ; clock       ; 1.000        ; -0.071     ; 2.764      ;
; -1.840 ; rx_cnt[1] ; c_mac[34]       ; clock        ; clock       ; 1.000        ; -0.071     ; 2.764      ;
; -1.840 ; rx_cnt[1] ; c_mac[27]       ; clock        ; clock       ; 1.000        ; -0.071     ; 2.764      ;
; -1.840 ; rx_cnt[1] ; c_mac[26]       ; clock        ; clock       ; 1.000        ; -0.071     ; 2.764      ;
; -1.840 ; rx_cnt[1] ; c_mac[19]       ; clock        ; clock       ; 1.000        ; -0.071     ; 2.764      ;
; -1.840 ; rx_cnt[1] ; c_mac[11]       ; clock        ; clock       ; 1.000        ; -0.071     ; 2.764      ;
+--------+-----------+-----------------+--------------+-------------+--------------+------------+------------+


+-------------------------------------------------------------------------------------------------------------------------------+
; Slow 1200mV 85C Model Hold: 'clock'                                                                                           ;
+-------+------------------------+------------------------+--------------+-------------+--------------+------------+------------+
; Slack ; From Node              ; To Node                ; Launch Clock ; Latch Clock ; Relationship ; Clock Skew ; Data Delay ;
+-------+------------------------+------------------------+--------------+-------------+--------------+------------+------------+
; 0.332 ; rx_dest_ip[9]          ; rx_dest_ip[17]         ; clock        ; clock       ; 0.000        ; 0.433      ; 0.922      ;
; 0.341 ; mac_valid              ; mac_valid              ; clock        ; clock       ; 0.000        ; 0.079      ; 0.577      ;
; 0.342 ; port_valid             ; port_valid             ; clock        ; clock       ; 0.000        ; 0.078      ; 0.577      ;
; 0.342 ; ip_valid               ; ip_valid               ; clock        ; clock       ; 0.000        ; 0.078      ; 0.577      ;
; 0.355 ; next_state.ESTABLISHED ; next_state.ESTABLISHED ; clock        ; clock       ; 0.000        ; 0.065      ; 0.577      ;
; 0.356 ; is_connected~reg0      ; is_connected~reg0      ; clock        ; clock       ; 0.000        ; 0.064      ; 0.577      ;
; 0.356 ; state.CLOSED           ; state.CLOSED           ; clock        ; clock       ; 0.000        ; 0.064      ; 0.577      ;
; 0.356 ; state.ESTABLISHED      ; state.ESTABLISHED      ; clock        ; clock       ; 0.000        ; 0.064      ; 0.577      ;
; 0.356 ; tx_active              ; tx_active              ; clock        ; clock       ; 0.000        ; 0.064      ; 0.577      ;
; 0.356 ; state.WAIT_ACK         ; state.WAIT_ACK         ; clock        ; clock       ; 0.000        ; 0.064      ; 0.577      ;
; 0.356 ; syn_received           ; syn_received           ; clock        ; clock       ; 0.000        ; 0.064      ; 0.577      ;
; 0.356 ; state.LISTEN           ; state.LISTEN           ; clock        ; clock       ; 0.000        ; 0.064      ; 0.577      ;
; 0.360 ; rx_dest_mac[2]         ; rx_dest_mac[10]        ; clock        ; clock       ; 0.000        ; 0.077      ; 0.594      ;
; 0.363 ; rx_dest_mac[14]        ; rx_dest_mac[22]        ; clock        ; clock       ; 0.000        ; 0.079      ; 0.599      ;
; 0.364 ; rx_dest_mac[12]        ; rx_dest_mac[20]        ; clock        ; clock       ; 0.000        ; 0.079      ; 0.600      ;
; 0.365 ; rx_dest_mac[15]        ; rx_dest_mac[23]        ; clock        ; clock       ; 0.000        ; 0.079      ; 0.601      ;
; 0.365 ; rx_dest_mac[3]         ; rx_dest_mac[11]        ; clock        ; clock       ; 0.000        ; 0.077      ; 0.599      ;
; 0.367 ; rx_dest_mac[1]         ; rx_dest_mac[9]         ; clock        ; clock       ; 0.000        ; 0.077      ; 0.601      ;
; 0.375 ; c_mac[32]              ; c_mac[40]              ; clock        ; clock       ; 0.000        ; 0.079      ; 0.611      ;
; 0.376 ; c_mac[12]              ; c_mac[20]              ; clock        ; clock       ; 0.000        ; 0.079      ; 0.612      ;
; 0.376 ; c_mac[10]              ; c_mac[18]              ; clock        ; clock       ; 0.000        ; 0.079      ; 0.612      ;
; 0.376 ; c_mac[5]               ; c_mac[13]              ; clock        ; clock       ; 0.000        ; 0.079      ; 0.612      ;
; 0.377 ; c_ip[5]                ; c_ip[13]               ; clock        ; clock       ; 0.000        ; 0.079      ; 0.613      ;
; 0.377 ; c_ip[4]                ; c_ip[12]               ; clock        ; clock       ; 0.000        ; 0.079      ; 0.613      ;
; 0.377 ; c_mac[36]              ; c_mac[44]              ; clock        ; clock       ; 0.000        ; 0.079      ; 0.613      ;
; 0.377 ; c_mac[21]              ; c_mac[29]              ; clock        ; clock       ; 0.000        ; 0.079      ; 0.613      ;
; 0.377 ; c_mac[4]               ; c_mac[12]              ; clock        ; clock       ; 0.000        ; 0.079      ; 0.613      ;
; 0.377 ; c_mac[0]               ; c_mac[8]               ; clock        ; clock       ; 0.000        ; 0.079      ; 0.613      ;
; 0.378 ; c_port[6]              ; c_port[14]             ; clock        ; clock       ; 0.000        ; 0.077      ; 0.612      ;
; 0.378 ; c_port[5]              ; c_port[13]             ; clock        ; clock       ; 0.000        ; 0.078      ; 0.613      ;
; 0.378 ; c_port[1]              ; c_port[9]              ; clock        ; clock       ; 0.000        ; 0.078      ; 0.613      ;
; 0.378 ; c_ip[16]               ; c_ip[24]               ; clock        ; clock       ; 0.000        ; 0.077      ; 0.612      ;
; 0.378 ; c_ip[3]                ; c_ip[11]               ; clock        ; clock       ; 0.000        ; 0.077      ; 0.612      ;
; 0.378 ; c_mac[16]              ; c_mac[24]              ; clock        ; clock       ; 0.000        ; 0.079      ; 0.614      ;
; 0.378 ; c_mac[13]              ; c_mac[21]              ; clock        ; clock       ; 0.000        ; 0.079      ; 0.614      ;
; 0.378 ; rx_dest_mac[27]        ; rx_dest_mac[35]        ; clock        ; clock       ; 0.000        ; 0.064      ; 0.599      ;
; 0.378 ; rx_dest_mac[19]        ; rx_dest_mac[27]        ; clock        ; clock       ; 0.000        ; 0.064      ; 0.599      ;
; 0.379 ; c_port[4]              ; c_port[12]             ; clock        ; clock       ; 0.000        ; 0.078      ; 0.614      ;
; 0.379 ; c_port[3]              ; c_port[11]             ; clock        ; clock       ; 0.000        ; 0.078      ; 0.614      ;
; 0.379 ; c_ip[0]                ; c_ip[8]                ; clock        ; clock       ; 0.000        ; 0.077      ; 0.613      ;
; 0.379 ; c_mac[28]              ; c_mac[36]              ; clock        ; clock       ; 0.000        ; 0.079      ; 0.615      ;
; 0.379 ; c_mac[24]              ; c_mac[32]              ; clock        ; clock       ; 0.000        ; 0.079      ; 0.615      ;
; 0.379 ; rx_dest_mac[31]        ; rx_dest_mac[39]        ; clock        ; clock       ; 0.000        ; 0.064      ; 0.600      ;
; 0.380 ; c_ip[8]                ; c_ip[16]               ; clock        ; clock       ; 0.000        ; 0.077      ; 0.614      ;
; 0.380 ; rx_dest_mac[30]        ; rx_dest_mac[38]        ; clock        ; clock       ; 0.000        ; 0.064      ; 0.601      ;
; 0.381 ; c_port[7]              ; c_port[15]             ; clock        ; clock       ; 0.000        ; 0.077      ; 0.615      ;
; 0.390 ; c_ip[23]               ; c_ip[31]               ; clock        ; clock       ; 0.000        ; 0.064      ; 0.611      ;
; 0.390 ; c_ip[10]               ; c_ip[18]               ; clock        ; clock       ; 0.000        ; 0.065      ; 0.612      ;
; 0.391 ; c_ip[20]               ; c_ip[28]               ; clock        ; clock       ; 0.000        ; 0.064      ; 0.612      ;
; 0.391 ; c_mac[31]              ; c_mac[39]              ; clock        ; clock       ; 0.000        ; 0.064      ; 0.612      ;
; 0.391 ; c_mac[27]              ; c_mac[35]              ; clock        ; clock       ; 0.000        ; 0.064      ; 0.612      ;
; 0.391 ; c_mac[26]              ; c_mac[34]              ; clock        ; clock       ; 0.000        ; 0.064      ; 0.612      ;
; 0.391 ; c_mac[22]              ; c_mac[30]              ; clock        ; clock       ; 0.000        ; 0.064      ; 0.612      ;
; 0.391 ; c_mac[19]              ; c_mac[27]              ; clock        ; clock       ; 0.000        ; 0.064      ; 0.612      ;
; 0.391 ; c_mac[14]              ; c_mac[22]              ; clock        ; clock       ; 0.000        ; 0.064      ; 0.612      ;
; 0.392 ; c_ip[18]               ; c_ip[26]               ; clock        ; clock       ; 0.000        ; 0.065      ; 0.614      ;
; 0.392 ; c_ip[9]                ; c_ip[17]               ; clock        ; clock       ; 0.000        ; 0.064      ; 0.613      ;
; 0.392 ; c_mac[38]              ; c_mac[46]              ; clock        ; clock       ; 0.000        ; 0.064      ; 0.613      ;
; 0.392 ; c_mac[11]              ; c_mac[19]              ; clock        ; clock       ; 0.000        ; 0.064      ; 0.613      ;
; 0.393 ; c_ip[17]               ; c_ip[25]               ; clock        ; clock       ; 0.000        ; 0.064      ; 0.614      ;
; 0.393 ; c_mac[30]              ; c_mac[38]              ; clock        ; clock       ; 0.000        ; 0.064      ; 0.614      ;
; 0.396 ; syn_received           ; state.LISTEN           ; clock        ; clock       ; 0.000        ; 0.064      ; 0.617      ;
; 0.403 ; tx_pos[6]              ; tx_pos[6]              ; clock        ; clock       ; 0.000        ; 0.064      ; 0.624      ;
; 0.434 ; c_mac[17]              ; c_mac[25]              ; clock        ; clock       ; 0.000        ; 0.448      ; 1.039      ;
; 0.459 ; rx_dest_mac[18]        ; rx_dest_mac[26]        ; clock        ; clock       ; 0.000        ; 0.404      ; 1.020      ;
; 0.501 ; rx_dest_mac[13]        ; rx_dest_mac[21]        ; clock        ; clock       ; 0.000        ; 0.079      ; 0.737      ;
; 0.505 ; rx_dest_ip[14]         ; rx_dest_ip[22]         ; clock        ; clock       ; 0.000        ; 0.431      ; 1.093      ;
; 0.508 ; rx_dest_mac[0]         ; rx_dest_mac[8]         ; clock        ; clock       ; 0.000        ; 0.077      ; 0.742      ;
; 0.514 ; rx_dest_mac[29]        ; rx_dest_mac[37]        ; clock        ; clock       ; 0.000        ; 0.064      ; 0.735      ;
; 0.514 ; rx_dest_mac[16]        ; rx_dest_mac[24]        ; clock        ; clock       ; 0.000        ; 0.064      ; 0.735      ;
; 0.515 ; rx_dest_ip[12]         ; rx_dest_ip[20]         ; clock        ; clock       ; 0.000        ; 0.064      ; 0.736      ;
; 0.519 ; c_ip[14]               ; c_ip[22]               ; clock        ; clock       ; 0.000        ; 0.079      ; 0.755      ;
; 0.519 ; c_mac[37]              ; c_mac[45]              ; clock        ; clock       ; 0.000        ; 0.079      ; 0.755      ;
; 0.519 ; c_mac[29]              ; c_mac[37]              ; clock        ; clock       ; 0.000        ; 0.079      ; 0.755      ;
; 0.520 ; c_mac[25]              ; c_mac[33]              ; clock        ; clock       ; 0.000        ; 0.079      ; 0.756      ;
; 0.520 ; c_mac[8]               ; c_mac[16]              ; clock        ; clock       ; 0.000        ; 0.079      ; 0.756      ;
; 0.520 ; c_mac[7]               ; c_mac[15]              ; clock        ; clock       ; 0.000        ; 0.079      ; 0.756      ;
; 0.521 ; c_port[2]              ; c_port[10]             ; clock        ; clock       ; 0.000        ; 0.078      ; 0.756      ;
; 0.521 ; c_ip[19]               ; c_ip[27]               ; clock        ; clock       ; 0.000        ; 0.077      ; 0.755      ;
; 0.521 ; c_ip[6]                ; c_ip[14]               ; clock        ; clock       ; 0.000        ; 0.079      ; 0.757      ;
; 0.521 ; c_mac[20]              ; c_mac[28]              ; clock        ; clock       ; 0.000        ; 0.079      ; 0.757      ;
; 0.521 ; rx_dest_ip[10]         ; rx_dest_ip[18]         ; clock        ; clock       ; 0.000        ; 0.064      ; 0.742      ;
; 0.521 ; rx_dest_mac[25]        ; rx_dest_mac[33]        ; clock        ; clock       ; 0.000        ; 0.064      ; 0.742      ;
; 0.521 ; rx_dest_mac[5]         ; rx_dest_mac[13]        ; clock        ; clock       ; 0.000        ; 0.431      ; 1.109      ;
; 0.522 ; c_ip[11]               ; c_ip[19]               ; clock        ; clock       ; 0.000        ; 0.077      ; 0.756      ;
; 0.522 ; rx_dest_mac[24]        ; rx_dest_mac[32]        ; clock        ; clock       ; 0.000        ; 0.064      ; 0.743      ;
; 0.524 ; rx_dest_ip[11]         ; rx_dest_ip[19]         ; clock        ; clock       ; 0.000        ; 0.064      ; 0.745      ;
; 0.531 ; c_mac[35]              ; c_mac[43]              ; clock        ; clock       ; 0.000        ; 0.062      ; 0.750      ;
; 0.531 ; rx_dest_ip[8]          ; rx_dest_ip[16]         ; clock        ; clock       ; 0.000        ; 0.065      ; 0.753      ;
; 0.533 ; c_ip[21]               ; c_ip[29]               ; clock        ; clock       ; 0.000        ; 0.065      ; 0.755      ;
; 0.533 ; c_mac[34]              ; c_mac[42]              ; clock        ; clock       ; 0.000        ; 0.064      ; 0.754      ;
; 0.534 ; c_ip[15]               ; c_ip[23]               ; clock        ; clock       ; 0.000        ; 0.064      ; 0.755      ;
; 0.534 ; c_mac[23]              ; c_mac[31]              ; clock        ; clock       ; 0.000        ; 0.064      ; 0.755      ;
; 0.534 ; rx_dest_ip[7]          ; rx_dest_ip[15]         ; clock        ; clock       ; 0.000        ; 0.080      ; 0.771      ;
; 0.535 ; c_mac[39]              ; c_mac[47]              ; clock        ; clock       ; 0.000        ; 0.064      ; 0.756      ;
; 0.538 ; c_mac[9]               ; c_mac[17]              ; clock        ; clock       ; 0.000        ; 0.063      ; 0.758      ;
; 0.553 ; tx_pos[6]              ; tx_byte[4]             ; clock        ; clock       ; 0.000        ; 0.065      ; 0.775      ;
; 0.564 ; tx_pos[3]              ; tx_pos[3]              ; clock        ; clock       ; 0.000        ; 0.064      ; 0.785      ;
; 0.564 ; state.ESTABLISHED      ; is_connected~reg0      ; clock        ; clock       ; 0.000        ; 0.064      ; 0.785      ;
; 0.565 ; tx_pos[2]              ; tx_pos[2]              ; clock        ; clock       ; 0.000        ; 0.064      ; 0.786      ;
+-------+------------------------+------------------------+--------------+-------------+--------------+------------+------------+


-----------------------------------------------
; Slow 1200mV 85C Model Metastability Summary ;
-----------------------------------------------
No synchronizer chains to report.


+-----------------------------------------------------------------------------------------------------------+
; Slow 1200mV 0C Model Fmax Summary                                                                         ;
+------------+-----------------+------------+---------------------------------------------------------------+
; Fmax       ; Restricted Fmax ; Clock Name ; Note                                                          ;
+------------+-----------------+------------+---------------------------------------------------------------+
; 346.26 MHz ; 250.0 MHz       ; clock      ; limit due to minimum period restriction (max I/O toggle rate) ;
+------------+-----------------+------------+---------------------------------------------------------------+
This panel reports FMAX for every clock in the design, regardless of the user-specified clock periods.  FMAX is only computed for paths where the source and destination registers or ports are driven by the same clock.  Paths of different clocks, including generated clocks, are ignored.  For paths between a clock and its inversion, FMAX is computed as if the rising and falling edges are scaled along with FMAX, such that the duty cycle (in terms of a percentage) is maintained. Altera recommends that you always use clock constraints and other slack reports for sign-off analysis.


+------------------------------------+
; Slow 1200mV 0C Model Setup Summary ;
+-------+--------+-------------------+
; Clock ; Slack  ; End Point TNS     ;
+-------+--------+-------------------+
; clock ; -1.888 ; -273.032          ;
+-------+--------+-------------------+


+-----------------------------------+
; Slow 1200mV 0C Model Hold Summary ;
+-------+-------+-------------------+
; Clock ; Slack ; End Point TNS     ;
+-------+-------+-------------------+
; clock ; 0.297 ; 0.000             ;
+-------+-------+-------------------+


-----------------------------------------
; Slow 1200mV 0C Model Recovery Summary ;
-----------------------------------------
No paths to report.


----------------------------------------
; Slow 1200mV 0C Model Removal Summary ;
----------------------------------------
No paths to report.


+--------------------------------------------------+
; Slow 1200mV 0C Model Minimum Pulse Width Summary ;
+-------+--------+---------------------------------+
; Clock ; Slack  ; End Point TNS                   ;
+-------+--------+---------------------------------+
; clock ; -3.000 ; -200.000                        ;
+-------+--------+---------------------------------+


+------------------------------------------------------------------------------------------------------------+
; Slow 1200mV 0C Model Setup: 'clock'                                                                        ;
+--------+-----------+-----------------+--------------+-------------+--------------+------------+------------+
; Slack  ; From Node ; To Node         ; Launch Clock ; Latch Clock ; Relationship ; Clock Skew ; Data Delay ;
+--------+-----------+-----------------+--------------+-------------+--------------+------------+------------+
; -1.888 ; rx_cnt[6] ; c_ip[31]        ; clock        ; clock       ; 1.000        ; -0.057     ; 2.826      ;
; -1.888 ; rx_cnt[6] ; c_ip[28]        ; clock        ; clock       ; 1.000        ; -0.057     ; 2.826      ;
; -1.888 ; rx_cnt[6] ; c_ip[25]        ; clock        ; clock       ; 1.000        ; -0.057     ; 2.826      ;
; -1.888 ; rx_cnt[6] ; c_ip[23]        ; clock        ; clock       ; 1.000        ; -0.057     ; 2.826      ;
; -1.888 ; rx_cnt[6] ; c_ip[20]        ; clock        ; clock       ; 1.000        ; -0.057     ; 2.826      ;
; -1.888 ; rx_cnt[6] ; c_ip[17]        ; clock        ; clock       ; 1.000        ; -0.057     ; 2.826      ;
; -1.888 ; rx_cnt[6] ; c_ip[15]        ; clock        ; clock       ; 1.000        ; -0.057     ; 2.826      ;
; -1.888 ; rx_cnt[6] ; c_ip[9]         ; clock        ; clock       ; 1.000        ; -0.057     ; 2.826      ;
; -1.799 ; rx_cnt[6] ; c_ip[30]        ; clock        ; clock       ; 1.000        ; -0.064     ; 2.730      ;
; -1.799 ; rx_cnt[6] ; c_ip[29]        ; clock        ; clock       ; 1.000        ; -0.064     ; 2.730      ;
; -1.799 ; rx_cnt[6] ; c_ip[26]        ; clock        ; clock       ; 1.000        ; -0.064     ; 2.730      ;
; -1.799 ; rx_cnt[6] ; c_ip[21]        ; clock        ; clock       ; 1.000        ; -0.064     ; 2.730      ;
; -1.799 ; rx_cnt[6] ; c_ip[18]        ; clock        ; clock       ; 1.000        ; -0.064     ; 2.730      ;
; -1.799 ; rx_cnt[6] ; c_ip[10]        ; clock        ; clock       ; 1.000        ; -0.064     ; 2.730      ;
; -1.792 ; rx_cnt[6] ; rx_dest_mac[39] ; clock        ; clock       ; 1.000        ; -0.070     ; 2.717      ;
; -1.792 ; rx_cnt[6] ; rx_dest_mac[38] ; clock        ; clock       ; 1.000        ; -0.070     ; 2.717      ;
; -1.792 ; rx_cnt[6] ; rx_dest_mac[37] ; clock        ; clock       ; 1.000        ; -0.070     ; 2.717      ;
; -1.792 ; rx_cnt[6] ; rx_dest_mac[31] ; clock        ; clock       ; 1.000        ; -0.070     ; 2.717      ;
; -1.792 ; rx_cnt[6] ; rx_dest_mac[30] ; clock        ; clock       ; 1.000        ; -0.070     ; 2.717      ;
; -1.792 ; rx_cnt[6] ; rx_dest_mac[28] ; clock        ; clock       ; 1.000        ; -0.070     ; 2.717      ;
; -1.792 ; rx_cnt[6] ; rx_dest_mac[29] ; clock        ; clock       ; 1.000        ; -0.070     ; 2.717      ;
; -1.726 ; rx_cnt[7] ; c_ip[31]        ; clock        ; clock       ; 1.000        ; -0.057     ; 2.664      ;
; -1.726 ; rx_cnt[7] ; c_ip[28]        ; clock        ; clock       ; 1.000        ; -0.057     ; 2.664      ;
; -1.726 ; rx_cnt[7] ; c_ip[25]        ; clock        ; clock       ; 1.000        ; -0.057     ; 2.664      ;
; -1.726 ; rx_cnt[7] ; c_ip[23]        ; clock        ; clock       ; 1.000        ; -0.057     ; 2.664      ;
; -1.726 ; rx_cnt[7] ; c_ip[20]        ; clock        ; clock       ; 1.000        ; -0.057     ; 2.664      ;
; -1.726 ; rx_cnt[7] ; c_ip[17]        ; clock        ; clock       ; 1.000        ; -0.057     ; 2.664      ;
; -1.726 ; rx_cnt[7] ; c_ip[15]        ; clock        ; clock       ; 1.000        ; -0.057     ; 2.664      ;
; -1.726 ; rx_cnt[7] ; c_ip[9]         ; clock        ; clock       ; 1.000        ; -0.057     ; 2.664      ;
; -1.675 ; rx_cnt[5] ; c_ip[31]        ; clock        ; clock       ; 1.000        ; -0.057     ; 2.613      ;
; -1.675 ; rx_cnt[5] ; c_ip[28]        ; clock        ; clock       ; 1.000        ; -0.057     ; 2.613      ;
; -1.675 ; rx_cnt[5] ; c_ip[25]        ; clock        ; clock       ; 1.000        ; -0.057     ; 2.613      ;
; -1.675 ; rx_cnt[5] ; c_ip[23]        ; clock        ; clock       ; 1.000        ; -0.057     ; 2.613      ;
; -1.675 ; rx_cnt[5] ; c_ip[20]        ; clock        ; clock       ; 1.000        ; -0.057     ; 2.613      ;
; -1.675 ; rx_cnt[5] ; c_ip[17]        ; clock        ; clock       ; 1.000        ; -0.057     ; 2.613      ;
; -1.675 ; rx_cnt[5] ; c_ip[15]        ; clock        ; clock       ; 1.000        ; -0.057     ; 2.613      ;
; -1.675 ; rx_cnt[5] ; c_ip[9]         ; clock        ; clock       ; 1.000        ; -0.057     ; 2.613      ;
; -1.666 ; rx_cnt[4] ; c_mac[42]       ; clock        ; clock       ; 1.000        ; -0.065     ; 2.596      ;
; -1.666 ; rx_cnt[4] ; c_mac[35]       ; clock        ; clock       ; 1.000        ; -0.065     ; 2.596      ;
; -1.666 ; rx_cnt[4] ; c_mac[34]       ; clock        ; clock       ; 1.000        ; -0.065     ; 2.596      ;
; -1.666 ; rx_cnt[4] ; c_mac[27]       ; clock        ; clock       ; 1.000        ; -0.065     ; 2.596      ;
; -1.666 ; rx_cnt[4] ; c_mac[26]       ; clock        ; clock       ; 1.000        ; -0.065     ; 2.596      ;
; -1.666 ; rx_cnt[4] ; c_mac[19]       ; clock        ; clock       ; 1.000        ; -0.065     ; 2.596      ;
; -1.666 ; rx_cnt[4] ; c_mac[11]       ; clock        ; clock       ; 1.000        ; -0.065     ; 2.596      ;
; -1.657 ; rx_cnt[6] ; rx_dest_ip[8]   ; clock        ; clock       ; 1.000        ; -0.056     ; 2.596      ;
; -1.657 ; rx_cnt[6] ; rx_dest_ip[9]   ; clock        ; clock       ; 1.000        ; -0.056     ; 2.596      ;
; -1.637 ; rx_cnt[7] ; c_ip[30]        ; clock        ; clock       ; 1.000        ; -0.064     ; 2.568      ;
; -1.637 ; rx_cnt[7] ; c_ip[29]        ; clock        ; clock       ; 1.000        ; -0.064     ; 2.568      ;
; -1.637 ; rx_cnt[7] ; c_ip[26]        ; clock        ; clock       ; 1.000        ; -0.064     ; 2.568      ;
; -1.637 ; rx_cnt[7] ; c_ip[21]        ; clock        ; clock       ; 1.000        ; -0.064     ; 2.568      ;
; -1.637 ; rx_cnt[7] ; c_ip[18]        ; clock        ; clock       ; 1.000        ; -0.064     ; 2.568      ;
; -1.637 ; rx_cnt[7] ; c_ip[10]        ; clock        ; clock       ; 1.000        ; -0.064     ; 2.568      ;
; -1.632 ; rx_cnt[4] ; c_ip[31]        ; clock        ; clock       ; 1.000        ; -0.057     ; 2.570      ;
; -1.632 ; rx_cnt[4] ; c_ip[28]        ; clock        ; clock       ; 1.000        ; -0.057     ; 2.570      ;
; -1.632 ; rx_cnt[4] ; c_ip[25]        ; clock        ; clock       ; 1.000        ; -0.057     ; 2.570      ;
; -1.632 ; rx_cnt[4] ; c_ip[23]        ; clock        ; clock       ; 1.000        ; -0.057     ; 2.570      ;
; -1.632 ; rx_cnt[4] ; c_ip[20]        ; clock        ; clock       ; 1.000        ; -0.057     ; 2.570      ;
; -1.632 ; rx_cnt[4] ; c_ip[17]        ; clock        ; clock       ; 1.000        ; -0.057     ; 2.570      ;
; -1.632 ; rx_cnt[4] ; c_ip[15]        ; clock        ; clock       ; 1.000        ; -0.057     ; 2.570      ;
; -1.632 ; rx_cnt[4] ; c_ip[9]         ; clock        ; clock       ; 1.000        ; -0.057     ; 2.570      ;
; -1.630 ; rx_cnt[7] ; rx_dest_mac[39] ; clock        ; clock       ; 1.000        ; -0.070     ; 2.555      ;
; -1.630 ; rx_cnt[7] ; rx_dest_mac[38] ; clock        ; clock       ; 1.000        ; -0.070     ; 2.555      ;
; -1.630 ; rx_cnt[7] ; rx_dest_mac[37] ; clock        ; clock       ; 1.000        ; -0.070     ; 2.555      ;
; -1.630 ; rx_cnt[7] ; rx_dest_mac[31] ; clock        ; clock       ; 1.000        ; -0.070     ; 2.555      ;
; -1.630 ; rx_cnt[7] ; rx_dest_mac[30] ; clock        ; clock       ; 1.000        ; -0.070     ; 2.555      ;
; -1.630 ; rx_cnt[7] ; rx_dest_mac[28] ; clock        ; clock       ; 1.000        ; -0.070     ; 2.555      ;
; -1.630 ; rx_cnt[7] ; rx_dest_mac[29] ; clock        ; clock       ; 1.000        ; -0.070     ; 2.555      ;
; -1.626 ; rx_cnt[4] ; c_mac[17]       ; clock        ; clock       ; 1.000        ; -0.073     ; 2.548      ;
; -1.626 ; rx_cnt[4] ; c_mac[9]        ; clock        ; clock       ; 1.000        ; -0.073     ; 2.548      ;
; -1.621 ; rx_cnt[5] ; c_ip[30]        ; clock        ; clock       ; 1.000        ; -0.064     ; 2.552      ;
; -1.621 ; rx_cnt[5] ; c_ip[29]        ; clock        ; clock       ; 1.000        ; -0.064     ; 2.552      ;
; -1.621 ; rx_cnt[5] ; c_ip[26]        ; clock        ; clock       ; 1.000        ; -0.064     ; 2.552      ;
; -1.621 ; rx_cnt[5] ; c_ip[21]        ; clock        ; clock       ; 1.000        ; -0.064     ; 2.552      ;
; -1.621 ; rx_cnt[5] ; c_ip[18]        ; clock        ; clock       ; 1.000        ; -0.064     ; 2.552      ;
; -1.621 ; rx_cnt[5] ; c_ip[10]        ; clock        ; clock       ; 1.000        ; -0.064     ; 2.552      ;
; -1.610 ; rx_cnt[4] ; c_mac[47]       ; clock        ; clock       ; 1.000        ; -0.068     ; 2.537      ;
; -1.610 ; rx_cnt[4] ; c_mac[46]       ; clock        ; clock       ; 1.000        ; -0.068     ; 2.537      ;
; -1.610 ; rx_cnt[4] ; c_mac[43]       ; clock        ; clock       ; 1.000        ; -0.068     ; 2.537      ;
; -1.610 ; rx_cnt[4] ; c_mac[39]       ; clock        ; clock       ; 1.000        ; -0.068     ; 2.537      ;
; -1.610 ; rx_cnt[4] ; c_mac[38]       ; clock        ; clock       ; 1.000        ; -0.068     ; 2.537      ;
; -1.610 ; rx_cnt[4] ; c_mac[31]       ; clock        ; clock       ; 1.000        ; -0.068     ; 2.537      ;
; -1.610 ; rx_cnt[4] ; c_mac[30]       ; clock        ; clock       ; 1.000        ; -0.068     ; 2.537      ;
; -1.610 ; rx_cnt[4] ; c_mac[23]       ; clock        ; clock       ; 1.000        ; -0.068     ; 2.537      ;
; -1.610 ; rx_cnt[4] ; c_mac[22]       ; clock        ; clock       ; 1.000        ; -0.068     ; 2.537      ;
; -1.610 ; rx_cnt[4] ; c_mac[14]       ; clock        ; clock       ; 1.000        ; -0.068     ; 2.537      ;
; -1.571 ; rx_cnt[1] ; c_mac[42]       ; clock        ; clock       ; 1.000        ; -0.065     ; 2.501      ;
; -1.571 ; rx_cnt[1] ; c_mac[35]       ; clock        ; clock       ; 1.000        ; -0.065     ; 2.501      ;
; -1.571 ; rx_cnt[1] ; c_mac[34]       ; clock        ; clock       ; 1.000        ; -0.065     ; 2.501      ;
; -1.571 ; rx_cnt[1] ; c_mac[27]       ; clock        ; clock       ; 1.000        ; -0.065     ; 2.501      ;
; -1.571 ; rx_cnt[1] ; c_mac[26]       ; clock        ; clock       ; 1.000        ; -0.065     ; 2.501      ;
; -1.571 ; rx_cnt[1] ; c_mac[19]       ; clock        ; clock       ; 1.000        ; -0.065     ; 2.501      ;
; -1.571 ; rx_cnt[1] ; c_mac[11]       ; clock        ; clock       ; 1.000        ; -0.065     ; 2.501      ;
; -1.557 ; rx_cnt[1] ; c_ip[31]        ; clock        ; clock       ; 1.000        ; -0.057     ; 2.495      ;
; -1.557 ; rx_cnt[1] ; c_ip[28]        ; clock        ; clock       ; 1.000        ; -0.057     ; 2.495      ;
; -1.557 ; rx_cnt[1] ; c_ip[25]        ; clock        ; clock       ; 1.000        ; -0.057     ; 2.495      ;
; -1.557 ; rx_cnt[1] ; c_ip[23]        ; clock        ; clock       ; 1.000        ; -0.057     ; 2.495      ;
; -1.557 ; rx_cnt[1] ; c_ip[20]        ; clock        ; clock       ; 1.000        ; -0.057     ; 2.495      ;
; -1.557 ; rx_cnt[1] ; c_ip[17]        ; clock        ; clock       ; 1.000        ; -0.057     ; 2.495      ;
; -1.557 ; rx_cnt[1] ; c_ip[15]        ; clock        ; clock       ; 1.000        ; -0.057     ; 2.495      ;
; -1.557 ; rx_cnt[1] ; c_ip[9]         ; clock        ; clock       ; 1.000        ; -0.057     ; 2.495      ;
+--------+-----------+-----------------+--------------+-------------+--------------+------------+------------+


+-------------------------------------------------------------------------------------------------------------------------------+
; Slow 1200mV 0C Model Hold: 'clock'                                                                                            ;
+-------+------------------------+------------------------+--------------+-------------+--------------+------------+------------+
; Slack ; From Node              ; To Node                ; Launch Clock ; Latch Clock ; Relationship ; Clock Skew ; Data Delay ;
+-------+------------------------+------------------------+--------------+-------------+--------------+------------+------------+
; 0.297 ; port_valid             ; port_valid             ; clock        ; clock       ; 0.000        ; 0.070      ; 0.511      ;
; 0.297 ; ip_valid               ; ip_valid               ; clock        ; clock       ; 0.000        ; 0.070      ; 0.511      ;
; 0.297 ; mac_valid              ; mac_valid              ; clock        ; clock       ; 0.000        ; 0.070      ; 0.511      ;
; 0.310 ; is_connected~reg0      ; is_connected~reg0      ; clock        ; clock       ; 0.000        ; 0.057      ; 0.511      ;
; 0.310 ; state.CLOSED           ; state.CLOSED           ; clock        ; clock       ; 0.000        ; 0.057      ; 0.511      ;
; 0.310 ; state.ESTABLISHED      ; state.ESTABLISHED      ; clock        ; clock       ; 0.000        ; 0.057      ; 0.511      ;
; 0.310 ; tx_active              ; tx_active              ; clock        ; clock       ; 0.000        ; 0.057      ; 0.511      ;
; 0.310 ; state.WAIT_ACK         ; state.WAIT_ACK         ; clock        ; clock       ; 0.000        ; 0.057      ; 0.511      ;
; 0.310 ; syn_received           ; syn_received           ; clock        ; clock       ; 0.000        ; 0.057      ; 0.511      ;
; 0.310 ; state.LISTEN           ; state.LISTEN           ; clock        ; clock       ; 0.000        ; 0.057      ; 0.511      ;
; 0.310 ; rx_dest_ip[9]          ; rx_dest_ip[17]         ; clock        ; clock       ; 0.000        ; 0.393      ; 0.847      ;
; 0.310 ; next_state.ESTABLISHED ; next_state.ESTABLISHED ; clock        ; clock       ; 0.000        ; 0.057      ; 0.511      ;
; 0.326 ; rx_dest_mac[2]         ; rx_dest_mac[10]        ; clock        ; clock       ; 0.000        ; 0.069      ; 0.539      ;
; 0.329 ; rx_dest_mac[15]        ; rx_dest_mac[23]        ; clock        ; clock       ; 0.000        ; 0.071      ; 0.544      ;
; 0.329 ; rx_dest_mac[14]        ; rx_dest_mac[22]        ; clock        ; clock       ; 0.000        ; 0.071      ; 0.544      ;
; 0.330 ; rx_dest_mac[12]        ; rx_dest_mac[20]        ; clock        ; clock       ; 0.000        ; 0.071      ; 0.545      ;
; 0.331 ; rx_dest_mac[3]         ; rx_dest_mac[11]        ; clock        ; clock       ; 0.000        ; 0.069      ; 0.544      ;
; 0.332 ; rx_dest_mac[1]         ; rx_dest_mac[9]         ; clock        ; clock       ; 0.000        ; 0.069      ; 0.545      ;
; 0.340 ; c_mac[5]               ; c_mac[13]              ; clock        ; clock       ; 0.000        ; 0.071      ; 0.555      ;
; 0.341 ; c_ip[5]                ; c_ip[13]               ; clock        ; clock       ; 0.000        ; 0.071      ; 0.556      ;
; 0.341 ; c_ip[4]                ; c_ip[12]               ; clock        ; clock       ; 0.000        ; 0.071      ; 0.556      ;
; 0.341 ; c_mac[36]              ; c_mac[44]              ; clock        ; clock       ; 0.000        ; 0.071      ; 0.556      ;
; 0.341 ; c_mac[32]              ; c_mac[40]              ; clock        ; clock       ; 0.000        ; 0.070      ; 0.555      ;
; 0.341 ; c_mac[21]              ; c_mac[29]              ; clock        ; clock       ; 0.000        ; 0.071      ; 0.556      ;
; 0.341 ; c_mac[12]              ; c_mac[20]              ; clock        ; clock       ; 0.000        ; 0.071      ; 0.556      ;
; 0.341 ; c_mac[10]              ; c_mac[18]              ; clock        ; clock       ; 0.000        ; 0.071      ; 0.556      ;
; 0.341 ; c_mac[4]               ; c_mac[12]              ; clock        ; clock       ; 0.000        ; 0.071      ; 0.556      ;
; 0.342 ; c_port[6]              ; c_port[14]             ; clock        ; clock       ; 0.000        ; 0.070      ; 0.556      ;
; 0.342 ; c_port[5]              ; c_port[13]             ; clock        ; clock       ; 0.000        ; 0.070      ; 0.556      ;
; 0.342 ; c_port[1]              ; c_port[9]              ; clock        ; clock       ; 0.000        ; 0.070      ; 0.556      ;
; 0.342 ; c_ip[16]               ; c_ip[24]               ; clock        ; clock       ; 0.000        ; 0.070      ; 0.556      ;
; 0.342 ; c_ip[3]                ; c_ip[11]               ; clock        ; clock       ; 0.000        ; 0.070      ; 0.556      ;
; 0.342 ; c_mac[13]              ; c_mac[21]              ; clock        ; clock       ; 0.000        ; 0.071      ; 0.557      ;
; 0.342 ; c_mac[0]               ; c_mac[8]               ; clock        ; clock       ; 0.000        ; 0.070      ; 0.556      ;
; 0.343 ; c_port[4]              ; c_port[12]             ; clock        ; clock       ; 0.000        ; 0.070      ; 0.557      ;
; 0.343 ; c_port[3]              ; c_port[11]             ; clock        ; clock       ; 0.000        ; 0.070      ; 0.557      ;
; 0.343 ; c_ip[0]                ; c_ip[8]                ; clock        ; clock       ; 0.000        ; 0.070      ; 0.557      ;
; 0.343 ; c_mac[28]              ; c_mac[36]              ; clock        ; clock       ; 0.000        ; 0.071      ; 0.558      ;
; 0.343 ; c_mac[16]              ; c_mac[24]              ; clock        ; clock       ; 0.000        ; 0.070      ; 0.557      ;
; 0.343 ; rx_dest_mac[27]        ; rx_dest_mac[35]        ; clock        ; clock       ; 0.000        ; 0.057      ; 0.544      ;
; 0.343 ; rx_dest_mac[19]        ; rx_dest_mac[27]        ; clock        ; clock       ; 0.000        ; 0.057      ; 0.544      ;
; 0.344 ; c_port[7]              ; c_port[15]             ; clock        ; clock       ; 0.000        ; 0.070      ; 0.558      ;
; 0.344 ; c_ip[8]                ; c_ip[16]               ; clock        ; clock       ; 0.000        ; 0.070      ; 0.558      ;
; 0.344 ; c_mac[24]              ; c_mac[32]              ; clock        ; clock       ; 0.000        ; 0.070      ; 0.558      ;
; 0.344 ; rx_dest_mac[31]        ; rx_dest_mac[39]        ; clock        ; clock       ; 0.000        ; 0.057      ; 0.545      ;
; 0.345 ; rx_dest_mac[30]        ; rx_dest_mac[38]        ; clock        ; clock       ; 0.000        ; 0.057      ; 0.546      ;
; 0.352 ; c_ip[23]               ; c_ip[31]               ; clock        ; clock       ; 0.000        ; 0.058      ; 0.554      ;
; 0.352 ; syn_received           ; state.LISTEN           ; clock        ; clock       ; 0.000        ; 0.057      ; 0.553      ;
; 0.353 ; c_ip[20]               ; c_ip[28]               ; clock        ; clock       ; 0.000        ; 0.058      ; 0.555      ;
; 0.354 ; c_mac[22]              ; c_mac[30]              ; clock        ; clock       ; 0.000        ; 0.057      ; 0.555      ;
; 0.355 ; c_ip[17]               ; c_ip[25]               ; clock        ; clock       ; 0.000        ; 0.058      ; 0.557      ;
; 0.355 ; c_ip[10]               ; c_ip[18]               ; clock        ; clock       ; 0.000        ; 0.057      ; 0.556      ;
; 0.355 ; c_ip[9]                ; c_ip[17]               ; clock        ; clock       ; 0.000        ; 0.058      ; 0.557      ;
; 0.355 ; c_mac[38]              ; c_mac[46]              ; clock        ; clock       ; 0.000        ; 0.057      ; 0.556      ;
; 0.355 ; c_mac[31]              ; c_mac[39]              ; clock        ; clock       ; 0.000        ; 0.057      ; 0.556      ;
; 0.355 ; c_mac[27]              ; c_mac[35]              ; clock        ; clock       ; 0.000        ; 0.057      ; 0.556      ;
; 0.355 ; c_mac[26]              ; c_mac[34]              ; clock        ; clock       ; 0.000        ; 0.057      ; 0.556      ;
; 0.355 ; c_mac[19]              ; c_mac[27]              ; clock        ; clock       ; 0.000        ; 0.057      ; 0.556      ;
; 0.355 ; c_mac[14]              ; c_mac[22]              ; clock        ; clock       ; 0.000        ; 0.057      ; 0.556      ;
; 0.355 ; c_mac[11]              ; c_mac[19]              ; clock        ; clock       ; 0.000        ; 0.057      ; 0.556      ;
; 0.356 ; c_mac[30]              ; c_mac[38]              ; clock        ; clock       ; 0.000        ; 0.057      ; 0.557      ;
; 0.357 ; c_ip[18]               ; c_ip[26]               ; clock        ; clock       ; 0.000        ; 0.057      ; 0.558      ;
; 0.358 ; tx_pos[6]              ; tx_pos[6]              ; clock        ; clock       ; 0.000        ; 0.057      ; 0.559      ;
; 0.398 ; c_mac[17]              ; c_mac[25]              ; clock        ; clock       ; 0.000        ; 0.406      ; 0.948      ;
; 0.422 ; rx_dest_mac[18]        ; rx_dest_mac[26]        ; clock        ; clock       ; 0.000        ; 0.366      ; 0.932      ;
; 0.452 ; rx_dest_mac[13]        ; rx_dest_mac[21]        ; clock        ; clock       ; 0.000        ; 0.071      ; 0.667      ;
; 0.458 ; rx_dest_mac[0]         ; rx_dest_mac[8]         ; clock        ; clock       ; 0.000        ; 0.069      ; 0.671      ;
; 0.463 ; rx_dest_ip[14]         ; rx_dest_ip[22]         ; clock        ; clock       ; 0.000        ; 0.391      ; 0.998      ;
; 0.463 ; rx_dest_mac[16]        ; rx_dest_mac[24]        ; clock        ; clock       ; 0.000        ; 0.057      ; 0.664      ;
; 0.464 ; rx_dest_ip[12]         ; rx_dest_ip[20]         ; clock        ; clock       ; 0.000        ; 0.057      ; 0.665      ;
; 0.464 ; rx_dest_mac[29]        ; rx_dest_mac[37]        ; clock        ; clock       ; 0.000        ; 0.057      ; 0.665      ;
; 0.467 ; c_ip[14]               ; c_ip[22]               ; clock        ; clock       ; 0.000        ; 0.071      ; 0.682      ;
; 0.467 ; c_mac[37]              ; c_mac[45]              ; clock        ; clock       ; 0.000        ; 0.071      ; 0.682      ;
; 0.467 ; c_mac[29]              ; c_mac[37]              ; clock        ; clock       ; 0.000        ; 0.071      ; 0.682      ;
; 0.468 ; c_ip[19]               ; c_ip[27]               ; clock        ; clock       ; 0.000        ; 0.070      ; 0.682      ;
; 0.468 ; rx_dest_ip[10]         ; rx_dest_ip[18]         ; clock        ; clock       ; 0.000        ; 0.057      ; 0.669      ;
; 0.468 ; rx_dest_mac[25]        ; rx_dest_mac[33]        ; clock        ; clock       ; 0.000        ; 0.057      ; 0.669      ;
; 0.469 ; c_port[2]              ; c_port[10]             ; clock        ; clock       ; 0.000        ; 0.070      ; 0.683      ;
; 0.469 ; c_ip[11]               ; c_ip[19]               ; clock        ; clock       ; 0.000        ; 0.070      ; 0.683      ;
; 0.469 ; c_ip[6]                ; c_ip[14]               ; clock        ; clock       ; 0.000        ; 0.071      ; 0.684      ;
; 0.469 ; c_mac[25]              ; c_mac[33]              ; clock        ; clock       ; 0.000        ; 0.071      ; 0.684      ;
; 0.469 ; c_mac[20]              ; c_mac[28]              ; clock        ; clock       ; 0.000        ; 0.071      ; 0.684      ;
; 0.469 ; c_mac[8]               ; c_mac[16]              ; clock        ; clock       ; 0.000        ; 0.070      ; 0.683      ;
; 0.469 ; c_mac[7]               ; c_mac[15]              ; clock        ; clock       ; 0.000        ; 0.070      ; 0.683      ;
; 0.471 ; rx_dest_mac[24]        ; rx_dest_mac[32]        ; clock        ; clock       ; 0.000        ; 0.057      ; 0.672      ;
; 0.473 ; rx_dest_ip[11]         ; rx_dest_ip[19]         ; clock        ; clock       ; 0.000        ; 0.057      ; 0.674      ;
; 0.477 ; rx_dest_mac[5]         ; rx_dest_mac[13]        ; clock        ; clock       ; 0.000        ; 0.391      ; 1.012      ;
; 0.480 ; c_ip[15]               ; c_ip[23]               ; clock        ; clock       ; 0.000        ; 0.058      ; 0.682      ;
; 0.481 ; c_ip[21]               ; c_ip[29]               ; clock        ; clock       ; 0.000        ; 0.057      ; 0.682      ;
; 0.481 ; c_mac[34]              ; c_mac[42]              ; clock        ; clock       ; 0.000        ; 0.057      ; 0.682      ;
; 0.481 ; c_mac[23]              ; c_mac[31]              ; clock        ; clock       ; 0.000        ; 0.057      ; 0.682      ;
; 0.482 ; c_mac[39]              ; c_mac[47]              ; clock        ; clock       ; 0.000        ; 0.057      ; 0.683      ;
; 0.484 ; c_mac[9]               ; c_mac[17]              ; clock        ; clock       ; 0.000        ; 0.057      ; 0.685      ;
; 0.488 ; c_mac[35]              ; c_mac[43]              ; clock        ; clock       ; 0.000        ; 0.054      ; 0.686      ;
; 0.492 ; rx_dest_ip[8]          ; rx_dest_ip[16]         ; clock        ; clock       ; 0.000        ; 0.058      ; 0.694      ;
; 0.492 ; rx_dest_ip[7]          ; rx_dest_ip[15]         ; clock        ; clock       ; 0.000        ; 0.072      ; 0.708      ;
; 0.504 ; tx_pos[6]              ; tx_byte[4]             ; clock        ; clock       ; 0.000        ; 0.057      ; 0.705      ;
; 0.506 ; tx_pos[1]              ; tx_pos[1]              ; clock        ; clock       ; 0.000        ; 0.057      ; 0.707      ;
; 0.506 ; tx_pos[3]              ; tx_pos[3]              ; clock        ; clock       ; 0.000        ; 0.057      ; 0.707      ;
; 0.507 ; state.ESTABLISHED      ; is_connected~reg0      ; clock        ; clock       ; 0.000        ; 0.057      ; 0.708      ;
+-------+------------------------+------------------------+--------------+-------------+--------------+------------+------------+


----------------------------------------------
; Slow 1200mV 0C Model Metastability Summary ;
----------------------------------------------
No synchronizer chains to report.


+------------------------------------+
; Fast 1200mV 0C Model Setup Summary ;
+-------+--------+-------------------+
; Clock ; Slack  ; End Point TNS     ;
+-------+--------+-------------------+
; clock ; -0.757 ; -94.971           ;
+-------+--------+-------------------+


+-----------------------------------+
; Fast 1200mV 0C Model Hold Summary ;
+-------+-------+-------------------+
; Clock ; Slack ; End Point TNS     ;
+-------+-------+-------------------+
; clock ; 0.156 ; 0.000             ;
+-------+-------+-------------------+


-----------------------------------------
; Fast 1200mV 0C Model Recovery Summary ;
-----------------------------------------
No paths to report.


----------------------------------------
; Fast 1200mV 0C Model Removal Summary ;
----------------------------------------
No paths to report.


+--------------------------------------------------+
; Fast 1200mV 0C Model Minimum Pulse Width Summary ;
+-------+--------+---------------------------------+
; Clock ; Slack  ; End Point TNS                   ;
+-------+--------+---------------------------------+
; clock ; -3.000 ; -215.128                        ;
+-------+--------+---------------------------------+


+------------------------------------------------------------------------------------------------------------+
; Fast 1200mV 0C Model Setup: 'clock'                                                                        ;
+--------+-----------+-----------------+--------------+-------------+--------------+------------+------------+
; Slack  ; From Node ; To Node         ; Launch Clock ; Latch Clock ; Relationship ; Clock Skew ; Data Delay ;
+--------+-----------+-----------------+--------------+-------------+--------------+------------+------------+
; -0.757 ; rx_cnt[6] ; c_ip[31]        ; clock        ; clock       ; 1.000        ; -0.035     ; 1.709      ;
; -0.757 ; rx_cnt[6] ; c_ip[28]        ; clock        ; clock       ; 1.000        ; -0.035     ; 1.709      ;
; -0.757 ; rx_cnt[6] ; c_ip[25]        ; clock        ; clock       ; 1.000        ; -0.035     ; 1.709      ;
; -0.757 ; rx_cnt[6] ; c_ip[23]        ; clock        ; clock       ; 1.000        ; -0.035     ; 1.709      ;
; -0.757 ; rx_cnt[6] ; c_ip[20]        ; clock        ; clock       ; 1.000        ; -0.035     ; 1.709      ;
; -0.757 ; rx_cnt[6] ; c_ip[17]        ; clock        ; clock       ; 1.000        ; -0.035     ; 1.709      ;
; -0.757 ; rx_cnt[6] ; c_ip[15]        ; clock        ; clock       ; 1.000        ; -0.035     ; 1.709      ;
; -0.757 ; rx_cnt[6] ; c_ip[9]         ; clock        ; clock       ; 1.000        ; -0.035     ; 1.709      ;
; -0.725 ; rx_cnt[6] ; c_ip[30]        ; clock        ; clock       ; 1.000        ; -0.039     ; 1.673      ;
; -0.725 ; rx_cnt[6] ; c_ip[29]        ; clock        ; clock       ; 1.000        ; -0.039     ; 1.673      ;
; -0.725 ; rx_cnt[6] ; c_ip[26]        ; clock        ; clock       ; 1.000        ; -0.039     ; 1.673      ;
; -0.725 ; rx_cnt[6] ; c_ip[21]        ; clock        ; clock       ; 1.000        ; -0.039     ; 1.673      ;
; -0.725 ; rx_cnt[6] ; c_ip[18]        ; clock        ; clock       ; 1.000        ; -0.039     ; 1.673      ;
; -0.725 ; rx_cnt[6] ; c_ip[10]        ; clock        ; clock       ; 1.000        ; -0.039     ; 1.673      ;
; -0.703 ; rx_cnt[6] ; rx_dest_mac[39] ; clock        ; clock       ; 1.000        ; -0.047     ; 1.643      ;
; -0.703 ; rx_cnt[6] ; rx_dest_mac[38] ; clock        ; clock       ; 1.000        ; -0.047     ; 1.643      ;
; -0.703 ; rx_cnt[6] ; rx_dest_mac[37] ; clock        ; clock       ; 1.000        ; -0.047     ; 1.643      ;
; -0.703 ; rx_cnt[6] ; rx_dest_mac[31] ; clock        ; clock       ; 1.000        ; -0.047     ; 1.643      ;
; -0.703 ; rx_cnt[6] ; rx_dest_mac[30] ; clock        ; clock       ; 1.000        ; -0.047     ; 1.643      ;
; -0.703 ; rx_cnt[6] ; rx_dest_mac[28] ; clock        ; clock       ; 1.000        ; -0.047     ; 1.643      ;
; -0.703 ; rx_cnt[6] ; rx_dest_mac[29] ; clock        ; clock       ; 1.000        ; -0.047     ; 1.643      ;
; -0.690 ; rx_cnt[4] ; c_mac[42]       ; clock        ; clock       ; 1.000        ; -0.041     ; 1.636      ;
; -0.690 ; rx_cnt[4] ; c_mac[35]       ; clock        ; clock       ; 1.000        ; -0.041     ; 1.636      ;
; -0.690 ; rx_cnt[4] ; c_mac[34]       ; clock        ; clock       ; 1.000        ; -0.041     ; 1.636      ;
; -0.690 ; rx_cnt[4] ; c_mac[27]       ; clock        ; clock       ; 1.000        ; -0.041     ; 1.636      ;
; -0.690 ; rx_cnt[4] ; c_mac[26]       ; clock        ; clock       ; 1.000        ; -0.041     ; 1.636      ;
; -0.690 ; rx_cnt[4] ; c_mac[19]       ; clock        ; clock       ; 1.000        ; -0.041     ; 1.636      ;
; -0.690 ; rx_cnt[4] ; c_mac[11]       ; clock        ; clock       ; 1.000        ; -0.041     ; 1.636      ;
; -0.687 ; rx_cnt[5] ; c_ip[31]        ; clock        ; clock       ; 1.000        ; -0.035     ; 1.639      ;
; -0.687 ; rx_cnt[5] ; c_ip[28]        ; clock        ; clock       ; 1.000        ; -0.035     ; 1.639      ;
; -0.687 ; rx_cnt[5] ; c_ip[25]        ; clock        ; clock       ; 1.000        ; -0.035     ; 1.639      ;
; -0.687 ; rx_cnt[5] ; c_ip[23]        ; clock        ; clock       ; 1.000        ; -0.035     ; 1.639      ;
; -0.687 ; rx_cnt[5] ; c_ip[20]        ; clock        ; clock       ; 1.000        ; -0.035     ; 1.639      ;
; -0.687 ; rx_cnt[5] ; c_ip[17]        ; clock        ; clock       ; 1.000        ; -0.035     ; 1.639      ;
; -0.687 ; rx_cnt[5] ; c_ip[15]        ; clock        ; clock       ; 1.000        ; -0.035     ; 1.639      ;
; -0.687 ; rx_cnt[5] ; c_ip[9]         ; clock        ; clock       ; 1.000        ; -0.035     ; 1.639      ;
; -0.668 ; rx_cnt[4] ; c_mac[17]       ; clock        ; clock       ; 1.000        ; -0.048     ; 1.607      ;
; -0.668 ; rx_cnt[4] ; c_mac[9]        ; clock        ; clock       ; 1.000        ; -0.048     ; 1.607      ;
; -0.658 ; rx_cnt[7] ; c_ip[31]        ; clock        ; clock       ; 1.000        ; -0.035     ; 1.610      ;
; -0.658 ; rx_cnt[7] ; c_ip[28]        ; clock        ; clock       ; 1.000        ; -0.035     ; 1.610      ;
; -0.658 ; rx_cnt[7] ; c_ip[25]        ; clock        ; clock       ; 1.000        ; -0.035     ; 1.610      ;
; -0.658 ; rx_cnt[7] ; c_ip[23]        ; clock        ; clock       ; 1.000        ; -0.035     ; 1.610      ;
; -0.658 ; rx_cnt[7] ; c_ip[20]        ; clock        ; clock       ; 1.000        ; -0.035     ; 1.610      ;
; -0.658 ; rx_cnt[7] ; c_ip[17]        ; clock        ; clock       ; 1.000        ; -0.035     ; 1.610      ;
; -0.658 ; rx_cnt[7] ; c_ip[15]        ; clock        ; clock       ; 1.000        ; -0.035     ; 1.610      ;
; -0.658 ; rx_cnt[7] ; c_ip[9]         ; clock        ; clock       ; 1.000        ; -0.035     ; 1.610      ;
; -0.655 ; rx_cnt[5] ; c_ip[30]        ; clock        ; clock       ; 1.000        ; -0.039     ; 1.603      ;
; -0.655 ; rx_cnt[5] ; c_ip[29]        ; clock        ; clock       ; 1.000        ; -0.039     ; 1.603      ;
; -0.655 ; rx_cnt[5] ; c_ip[26]        ; clock        ; clock       ; 1.000        ; -0.039     ; 1.603      ;
; -0.655 ; rx_cnt[5] ; c_ip[21]        ; clock        ; clock       ; 1.000        ; -0.039     ; 1.603      ;
; -0.655 ; rx_cnt[5] ; c_ip[18]        ; clock        ; clock       ; 1.000        ; -0.039     ; 1.603      ;
; -0.655 ; rx_cnt[5] ; c_ip[10]        ; clock        ; clock       ; 1.000        ; -0.039     ; 1.603      ;
; -0.654 ; rx_cnt[4] ; c_mac[47]       ; clock        ; clock       ; 1.000        ; -0.042     ; 1.599      ;
; -0.654 ; rx_cnt[4] ; c_mac[46]       ; clock        ; clock       ; 1.000        ; -0.042     ; 1.599      ;
; -0.654 ; rx_cnt[4] ; c_mac[43]       ; clock        ; clock       ; 1.000        ; -0.042     ; 1.599      ;
; -0.654 ; rx_cnt[4] ; c_mac[39]       ; clock        ; clock       ; 1.000        ; -0.042     ; 1.599      ;
; -0.654 ; rx_cnt[4] ; c_mac[38]       ; clock        ; clock       ; 1.000        ; -0.042     ; 1.599      ;
; -0.654 ; rx_cnt[4] ; c_mac[31]       ; clock        ; clock       ; 1.000        ; -0.042     ; 1.599      ;
; -0.654 ; rx_cnt[4] ; c_mac[30]       ; clock        ; clock       ; 1.000        ; -0.042     ; 1.599      ;
; -0.654 ; rx_cnt[4] ; c_mac[23]       ; clock        ; clock       ; 1.000        ; -0.042     ; 1.599      ;
; -0.654 ; rx_cnt[4] ; c_mac[22]       ; clock        ; clock       ; 1.000        ; -0.042     ; 1.599      ;
; -0.654 ; rx_cnt[4] ; c_mac[14]       ; clock        ; clock       ; 1.000        ; -0.042     ; 1.599      ;
; -0.628 ; rx_cnt[1] ; c_mac[42]       ; clock        ; clock       ; 1.000        ; -0.041     ; 1.574      ;
; -0.628 ; rx_cnt[1] ; c_mac[35]       ; clock        ; clock       ; 1.000        ; -0.041     ; 1.574      ;
; -0.628 ; rx_cnt[1] ; c_mac[34]       ; clock        ; clock       ; 1.000        ; -0.041     ; 1.574      ;
; -0.628 ; rx_cnt[1] ; c_mac[27]       ; clock        ; clock       ; 1.000        ; -0.041     ; 1.574      ;
; -0.628 ; rx_cnt[1] ; c_mac[26]       ; clock        ; clock       ; 1.000        ; -0.041     ; 1.574      ;
; -0.628 ; rx_cnt[1] ; c_mac[19]       ; clock        ; clock       ; 1.000        ; -0.041     ; 1.574      ;
; -0.628 ; rx_cnt[1] ; c_mac[11]       ; clock        ; clock       ; 1.000        ; -0.041     ; 1.574      ;
; -0.626 ; rx_cnt[7] ; c_ip[30]        ; clock        ; clock       ; 1.000        ; -0.039     ; 1.574      ;
; -0.626 ; rx_cnt[7] ; c_ip[29]        ; clock        ; clock       ; 1.000        ; -0.039     ; 1.574      ;
; -0.626 ; rx_cnt[7] ; c_ip[26]        ; clock        ; clock       ; 1.000        ; -0.039     ; 1.574      ;
; -0.626 ; rx_cnt[7] ; c_ip[21]        ; clock        ; clock       ; 1.000        ; -0.039     ; 1.574      ;
; -0.626 ; rx_cnt[7] ; c_ip[18]        ; clock        ; clock       ; 1.000        ; -0.039     ; 1.574      ;
; -0.626 ; rx_cnt[7] ; c_ip[10]        ; clock        ; clock       ; 1.000        ; -0.039     ; 1.574      ;
; -0.618 ; rx_cnt[6] ; rx_dest_ip[8]   ; clock        ; clock       ; 1.000        ; -0.036     ; 1.569      ;
; -0.618 ; rx_cnt[6] ; rx_dest_ip[9]   ; clock        ; clock       ; 1.000        ; -0.036     ; 1.569      ;
; -0.608 ; rx_cnt[1] ; c_ip[31]        ; clock        ; clock       ; 1.000        ; -0.035     ; 1.560      ;
; -0.608 ; rx_cnt[1] ; c_ip[28]        ; clock        ; clock       ; 1.000        ; -0.035     ; 1.560      ;
; -0.608 ; rx_cnt[1] ; c_ip[25]        ; clock        ; clock       ; 1.000        ; -0.035     ; 1.560      ;
; -0.608 ; rx_cnt[1] ; c_ip[23]        ; clock        ; clock       ; 1.000        ; -0.035     ; 1.560      ;
; -0.608 ; rx_cnt[1] ; c_ip[20]        ; clock        ; clock       ; 1.000        ; -0.035     ; 1.560      ;
; -0.608 ; rx_cnt[1] ; c_ip[17]        ; clock        ; clock       ; 1.000        ; -0.035     ; 1.560      ;
; -0.608 ; rx_cnt[1] ; c_ip[15]        ; clock        ; clock       ; 1.000        ; -0.035     ; 1.560      ;
; -0.608 ; rx_cnt[1] ; c_ip[9]         ; clock        ; clock       ; 1.000        ; -0.035     ; 1.560      ;
; -0.606 ; rx_cnt[1] ; c_mac[17]       ; clock        ; clock       ; 1.000        ; -0.048     ; 1.545      ;
; -0.606 ; rx_cnt[1] ; c_mac[9]        ; clock        ; clock       ; 1.000        ; -0.048     ; 1.545      ;
; -0.605 ; rx_cnt[2] ; c_mac[42]       ; clock        ; clock       ; 1.000        ; -0.041     ; 1.551      ;
; -0.605 ; rx_cnt[2] ; c_mac[35]       ; clock        ; clock       ; 1.000        ; -0.041     ; 1.551      ;
; -0.605 ; rx_cnt[2] ; c_mac[34]       ; clock        ; clock       ; 1.000        ; -0.041     ; 1.551      ;
; -0.605 ; rx_cnt[2] ; c_mac[27]       ; clock        ; clock       ; 1.000        ; -0.041     ; 1.551      ;
; -0.605 ; rx_cnt[2] ; c_mac[26]       ; clock        ; clock       ; 1.000        ; -0.041     ; 1.551      ;
; -0.605 ; rx_cnt[2] ; c_mac[19]       ; clock        ; clock       ; 1.000        ; -0.041     ; 1.551      ;
; -0.605 ; rx_cnt[2] ; c_mac[11]       ; clock        ; clock       ; 1.000        ; -0.041     ; 1.551      ;
; -0.604 ; rx_cnt[7] ; rx_dest_mac[39] ; clock        ; clock       ; 1.000        ; -0.047     ; 1.544      ;
; -0.604 ; rx_cnt[7] ; rx_dest_mac[38] ; clock        ; clock       ; 1.000        ; -0.047     ; 1.544      ;
; -0.604 ; rx_cnt[7] ; rx_dest_mac[37] ; clock        ; clock       ; 1.000        ; -0.047     ; 1.544      ;
; -0.604 ; rx_cnt[7] ; rx_dest_mac[31] ; clock        ; clock       ; 1.000        ; -0.047     ; 1.544      ;
; -0.604 ; rx_cnt[7] ; rx_dest_mac[30] ; clock        ; clock       ; 1.000        ; -0.047     ; 1.544      ;
; -0.604 ; rx_cnt[7] ; rx_dest_mac[28] ; clock        ; clock       ; 1.000        ; -0.047     ; 1.544      ;
+--------+-----------+-----------------+--------------+-------------+--------------+------------+------------+


+-------------------------------------------------------------------------------------------------------------------------------+
; Fast 1200mV 0C Model Hold: 'clock'                                                                                            ;
+-------+------------------------+------------------------+--------------+-------------+--------------+------------+------------+
; Slack ; From Node              ; To Node                ; Launch Clock ; Latch Clock ; Relationship ; Clock Skew ; Data Delay ;
+-------+------------------------+------------------------+--------------+-------------+--------------+------------+------------+
; 0.156 ; rx_dest_ip[9]          ; rx_dest_ip[17]         ; clock        ; clock       ; 0.000        ; 0.239      ; 0.479      ;
; 0.178 ; mac_valid              ; mac_valid              ; clock        ; clock       ; 0.000        ; 0.045      ; 0.307      ;
; 0.179 ; port_valid             ; port_valid             ; clock        ; clock       ; 0.000        ; 0.044      ; 0.307      ;
; 0.179 ; ip_valid               ; ip_valid               ; clock        ; clock       ; 0.000        ; 0.044      ; 0.307      ;
; 0.186 ; is_connected~reg0      ; is_connected~reg0      ; clock        ; clock       ; 0.000        ; 0.037      ; 0.307      ;
; 0.186 ; state.CLOSED           ; state.CLOSED           ; clock        ; clock       ; 0.000        ; 0.037      ; 0.307      ;
; 0.186 ; state.ESTABLISHED      ; state.ESTABLISHED      ; clock        ; clock       ; 0.000        ; 0.037      ; 0.307      ;
; 0.186 ; tx_active              ; tx_active              ; clock        ; clock       ; 0.000        ; 0.037      ; 0.307      ;
; 0.186 ; state.WAIT_ACK         ; state.WAIT_ACK         ; clock        ; clock       ; 0.000        ; 0.037      ; 0.307      ;
; 0.186 ; syn_received           ; syn_received           ; clock        ; clock       ; 0.000        ; 0.037      ; 0.307      ;
; 0.186 ; state.LISTEN           ; state.LISTEN           ; clock        ; clock       ; 0.000        ; 0.037      ; 0.307      ;
; 0.187 ; rx_dest_mac[2]         ; rx_dest_mac[10]        ; clock        ; clock       ; 0.000        ; 0.044      ; 0.315      ;
; 0.187 ; next_state.ESTABLISHED ; next_state.ESTABLISHED ; clock        ; clock       ; 0.000        ; 0.036      ; 0.307      ;
; 0.189 ; rx_dest_mac[14]        ; rx_dest_mac[22]        ; clock        ; clock       ; 0.000        ; 0.044      ; 0.317      ;
; 0.190 ; rx_dest_mac[3]         ; rx_dest_mac[11]        ; clock        ; clock       ; 0.000        ; 0.044      ; 0.318      ;
; 0.191 ; rx_dest_mac[12]        ; rx_dest_mac[20]        ; clock        ; clock       ; 0.000        ; 0.044      ; 0.319      ;
; 0.192 ; rx_dest_mac[15]        ; rx_dest_mac[23]        ; clock        ; clock       ; 0.000        ; 0.044      ; 0.320      ;
; 0.192 ; rx_dest_mac[1]         ; rx_dest_mac[9]         ; clock        ; clock       ; 0.000        ; 0.044      ; 0.320      ;
; 0.196 ; c_ip[5]                ; c_ip[13]               ; clock        ; clock       ; 0.000        ; 0.045      ; 0.325      ;
; 0.196 ; c_ip[4]                ; c_ip[12]               ; clock        ; clock       ; 0.000        ; 0.046      ; 0.326      ;
; 0.196 ; c_mac[32]              ; c_mac[40]              ; clock        ; clock       ; 0.000        ; 0.045      ; 0.325      ;
; 0.196 ; c_mac[10]              ; c_mac[18]              ; clock        ; clock       ; 0.000        ; 0.045      ; 0.325      ;
; 0.196 ; c_mac[5]               ; c_mac[13]              ; clock        ; clock       ; 0.000        ; 0.045      ; 0.325      ;
; 0.196 ; c_mac[4]               ; c_mac[12]              ; clock        ; clock       ; 0.000        ; 0.045      ; 0.325      ;
; 0.196 ; c_mac[0]               ; c_mac[8]               ; clock        ; clock       ; 0.000        ; 0.045      ; 0.325      ;
; 0.196 ; rx_dest_mac[19]        ; rx_dest_mac[27]        ; clock        ; clock       ; 0.000        ; 0.037      ; 0.317      ;
; 0.197 ; c_port[6]              ; c_port[14]             ; clock        ; clock       ; 0.000        ; 0.045      ; 0.326      ;
; 0.197 ; c_port[5]              ; c_port[13]             ; clock        ; clock       ; 0.000        ; 0.045      ; 0.326      ;
; 0.197 ; c_ip[16]               ; c_ip[24]               ; clock        ; clock       ; 0.000        ; 0.044      ; 0.325      ;
; 0.197 ; c_ip[3]                ; c_ip[11]               ; clock        ; clock       ; 0.000        ; 0.044      ; 0.325      ;
; 0.197 ; c_mac[36]              ; c_mac[44]              ; clock        ; clock       ; 0.000        ; 0.045      ; 0.326      ;
; 0.197 ; c_mac[21]              ; c_mac[29]              ; clock        ; clock       ; 0.000        ; 0.045      ; 0.326      ;
; 0.197 ; c_mac[12]              ; c_mac[20]              ; clock        ; clock       ; 0.000        ; 0.045      ; 0.326      ;
; 0.197 ; rx_dest_mac[27]        ; rx_dest_mac[35]        ; clock        ; clock       ; 0.000        ; 0.037      ; 0.318      ;
; 0.198 ; c_port[4]              ; c_port[12]             ; clock        ; clock       ; 0.000        ; 0.045      ; 0.327      ;
; 0.198 ; c_port[1]              ; c_port[9]              ; clock        ; clock       ; 0.000        ; 0.044      ; 0.326      ;
; 0.198 ; c_mac[16]              ; c_mac[24]              ; clock        ; clock       ; 0.000        ; 0.045      ; 0.327      ;
; 0.198 ; c_mac[13]              ; c_mac[21]              ; clock        ; clock       ; 0.000        ; 0.045      ; 0.327      ;
; 0.198 ; rx_dest_mac[31]        ; rx_dest_mac[39]        ; clock        ; clock       ; 0.000        ; 0.036      ; 0.318      ;
; 0.199 ; c_port[7]              ; c_port[15]             ; clock        ; clock       ; 0.000        ; 0.045      ; 0.328      ;
; 0.199 ; c_port[3]              ; c_port[11]             ; clock        ; clock       ; 0.000        ; 0.044      ; 0.327      ;
; 0.199 ; c_ip[8]                ; c_ip[16]               ; clock        ; clock       ; 0.000        ; 0.044      ; 0.327      ;
; 0.199 ; c_ip[0]                ; c_ip[8]                ; clock        ; clock       ; 0.000        ; 0.044      ; 0.327      ;
; 0.199 ; c_mac[28]              ; c_mac[36]              ; clock        ; clock       ; 0.000        ; 0.045      ; 0.328      ;
; 0.199 ; c_mac[24]              ; c_mac[32]              ; clock        ; clock       ; 0.000        ; 0.045      ; 0.328      ;
; 0.199 ; rx_dest_mac[30]        ; rx_dest_mac[38]        ; clock        ; clock       ; 0.000        ; 0.036      ; 0.319      ;
; 0.204 ; c_ip[23]               ; c_ip[31]               ; clock        ; clock       ; 0.000        ; 0.037      ; 0.325      ;
; 0.204 ; c_ip[20]               ; c_ip[28]               ; clock        ; clock       ; 0.000        ; 0.037      ; 0.325      ;
; 0.204 ; c_ip[10]               ; c_ip[18]               ; clock        ; clock       ; 0.000        ; 0.037      ; 0.325      ;
; 0.204 ; c_ip[9]                ; c_ip[17]               ; clock        ; clock       ; 0.000        ; 0.037      ; 0.325      ;
; 0.204 ; c_mac[38]              ; c_mac[46]              ; clock        ; clock       ; 0.000        ; 0.037      ; 0.325      ;
; 0.204 ; c_mac[31]              ; c_mac[39]              ; clock        ; clock       ; 0.000        ; 0.037      ; 0.325      ;
; 0.204 ; c_mac[27]              ; c_mac[35]              ; clock        ; clock       ; 0.000        ; 0.037      ; 0.325      ;
; 0.204 ; c_mac[26]              ; c_mac[34]              ; clock        ; clock       ; 0.000        ; 0.037      ; 0.325      ;
; 0.204 ; c_mac[22]              ; c_mac[30]              ; clock        ; clock       ; 0.000        ; 0.037      ; 0.325      ;
; 0.204 ; c_mac[19]              ; c_mac[27]              ; clock        ; clock       ; 0.000        ; 0.037      ; 0.325      ;
; 0.204 ; c_mac[14]              ; c_mac[22]              ; clock        ; clock       ; 0.000        ; 0.037      ; 0.325      ;
; 0.204 ; c_mac[11]              ; c_mac[19]              ; clock        ; clock       ; 0.000        ; 0.037      ; 0.325      ;
; 0.206 ; c_ip[18]               ; c_ip[26]               ; clock        ; clock       ; 0.000        ; 0.037      ; 0.327      ;
; 0.206 ; c_ip[17]               ; c_ip[25]               ; clock        ; clock       ; 0.000        ; 0.037      ; 0.327      ;
; 0.206 ; c_mac[30]              ; c_mac[38]              ; clock        ; clock       ; 0.000        ; 0.037      ; 0.327      ;
; 0.212 ; tx_pos[6]              ; tx_pos[6]              ; clock        ; clock       ; 0.000        ; 0.037      ; 0.333      ;
; 0.215 ; syn_received           ; state.LISTEN           ; clock        ; clock       ; 0.000        ; 0.037      ; 0.336      ;
; 0.220 ; c_mac[17]              ; c_mac[25]              ; clock        ; clock       ; 0.000        ; 0.249      ; 0.553      ;
; 0.234 ; rx_dest_mac[18]        ; rx_dest_mac[26]        ; clock        ; clock       ; 0.000        ; 0.225      ; 0.543      ;
; 0.246 ; rx_dest_ip[14]         ; rx_dest_ip[22]         ; clock        ; clock       ; 0.000        ; 0.238      ; 0.568      ;
; 0.259 ; rx_dest_mac[5]         ; rx_dest_mac[13]        ; clock        ; clock       ; 0.000        ; 0.237      ; 0.580      ;
; 0.262 ; rx_dest_mac[13]        ; rx_dest_mac[21]        ; clock        ; clock       ; 0.000        ; 0.044      ; 0.390      ;
; 0.265 ; rx_dest_mac[0]         ; rx_dest_mac[8]         ; clock        ; clock       ; 0.000        ; 0.044      ; 0.393      ;
; 0.266 ; rx_dest_ip[12]         ; rx_dest_ip[20]         ; clock        ; clock       ; 0.000        ; 0.037      ; 0.387      ;
; 0.266 ; rx_dest_mac[16]        ; rx_dest_mac[24]        ; clock        ; clock       ; 0.000        ; 0.037      ; 0.387      ;
; 0.268 ; rx_dest_mac[29]        ; rx_dest_mac[37]        ; clock        ; clock       ; 0.000        ; 0.036      ; 0.388      ;
; 0.269 ; c_mac[37]              ; c_mac[45]              ; clock        ; clock       ; 0.000        ; 0.045      ; 0.398      ;
; 0.269 ; c_mac[29]              ; c_mac[37]              ; clock        ; clock       ; 0.000        ; 0.045      ; 0.398      ;
; 0.269 ; c_mac[8]               ; c_mac[16]              ; clock        ; clock       ; 0.000        ; 0.045      ; 0.398      ;
; 0.270 ; c_ip[14]               ; c_ip[22]               ; clock        ; clock       ; 0.000        ; 0.045      ; 0.399      ;
; 0.270 ; rx_dest_ip[10]         ; rx_dest_ip[18]         ; clock        ; clock       ; 0.000        ; 0.037      ; 0.391      ;
; 0.270 ; rx_dest_mac[25]        ; rx_dest_mac[33]        ; clock        ; clock       ; 0.000        ; 0.037      ; 0.391      ;
; 0.271 ; c_port[2]              ; c_port[10]             ; clock        ; clock       ; 0.000        ; 0.044      ; 0.399      ;
; 0.271 ; c_ip[19]               ; c_ip[27]               ; clock        ; clock       ; 0.000        ; 0.044      ; 0.399      ;
; 0.271 ; c_mac[25]              ; c_mac[33]              ; clock        ; clock       ; 0.000        ; 0.045      ; 0.400      ;
; 0.271 ; c_mac[7]               ; c_mac[15]              ; clock        ; clock       ; 0.000        ; 0.045      ; 0.400      ;
; 0.271 ; rx_dest_mac[24]        ; rx_dest_mac[32]        ; clock        ; clock       ; 0.000        ; 0.037      ; 0.392      ;
; 0.272 ; c_ip[11]               ; c_ip[19]               ; clock        ; clock       ; 0.000        ; 0.044      ; 0.400      ;
; 0.272 ; c_ip[6]                ; c_ip[14]               ; clock        ; clock       ; 0.000        ; 0.045      ; 0.401      ;
; 0.272 ; c_mac[35]              ; c_mac[43]              ; clock        ; clock       ; 0.000        ; 0.036      ; 0.392      ;
; 0.272 ; c_mac[20]              ; c_mac[28]              ; clock        ; clock       ; 0.000        ; 0.045      ; 0.401      ;
; 0.273 ; rx_dest_ip[7]          ; rx_dest_ip[15]         ; clock        ; clock       ; 0.000        ; 0.046      ; 0.403      ;
; 0.274 ; rx_dest_ip[11]         ; rx_dest_ip[19]         ; clock        ; clock       ; 0.000        ; 0.037      ; 0.395      ;
; 0.275 ; rx_dest_ip[8]          ; rx_dest_ip[16]         ; clock        ; clock       ; 0.000        ; 0.037      ; 0.396      ;
; 0.277 ; c_ip[21]               ; c_ip[29]               ; clock        ; clock       ; 0.000        ; 0.037      ; 0.398      ;
; 0.277 ; c_ip[15]               ; c_ip[23]               ; clock        ; clock       ; 0.000        ; 0.037      ; 0.398      ;
; 0.277 ; c_mac[34]              ; c_mac[42]              ; clock        ; clock       ; 0.000        ; 0.037      ; 0.398      ;
; 0.278 ; c_mac[23]              ; c_mac[31]              ; clock        ; clock       ; 0.000        ; 0.037      ; 0.399      ;
; 0.280 ; c_mac[39]              ; c_mac[47]              ; clock        ; clock       ; 0.000        ; 0.037      ; 0.401      ;
; 0.282 ; c_mac[9]               ; c_mac[17]              ; clock        ; clock       ; 0.000        ; 0.036      ; 0.402      ;
; 0.290 ; tx_pos[6]              ; tx_byte[4]             ; clock        ; clock       ; 0.000        ; 0.038      ; 0.412      ;
; 0.301 ; state.ESTABLISHED      ; is_connected~reg0      ; clock        ; clock       ; 0.000        ; 0.037      ; 0.422      ;
; 0.302 ; tx_pos[3]              ; tx_pos[3]              ; clock        ; clock       ; 0.000        ; 0.037      ; 0.423      ;
; 0.303 ; tx_pos[2]              ; tx_pos[2]              ; clock        ; clock       ; 0.000        ; 0.037      ; 0.424      ;
+-------+------------------------+------------------------+--------------+-------------+--------------+------------+------------+


----------------------------------------------
; Fast 1200mV 0C Model Metastability Summary ;
----------------------------------------------
No synchronizer chains to report.


+--------------------------------------------------------------------------------+
; Multicorner Timing Analysis Summary                                            ;
+------------------+----------+-------+----------+---------+---------------------+
; Clock            ; Setup    ; Hold  ; Recovery ; Removal ; Minimum Pulse Width ;
+------------------+----------+-------+----------+---------+---------------------+
; Worst-case Slack ; -2.178   ; 0.156 ; N/A      ; N/A     ; -3.000              ;
;  clock           ; -2.178   ; 0.156 ; N/A      ; N/A     ; -3.000              ;
; Design-wide TNS  ; -323.011 ; 0.0   ; 0.0      ; 0.0     ; -215.128            ;
;  clock           ; -323.011 ; 0.000 ; N/A      ; N/A     ; -215.128            ;
+------------------+----------+-------+----------+---------+---------------------+


+--------------------------------------------------------------------------------------------------------------------------------------------------------------------------------------------------------------------------------------------------------------------------------------------------------------------------------------------------------------------------------------------------------------------+
; Board Trace Model Assignments                                                                                                                                                                                                                                                                                                                                                                                      ;
+-----------------+--------------+-------------------+-------------------------+-------------------------+---------------+---------------------+----------------+------------------+--------+------------------+------------------------+------------------------+--------------+---------------+-----------------+-------+---------------------+--------------------+---------------+-----------------+-------------+
; Pin             ; I/O Standard ; Near Tline Length ; Near Tline L per Length ; Near Tline C per Length ; Near Series R ; Near Differential R ; Near Pull-up R ; Near Pull-down R ; Near C ; Far Tline Length ; Far Tline L per Length ; Far Tline C per Length ; Far Series R ; Far Pull-up R ; Far Pull-down R ; Far C ; Termination Voltage ; Far Differential R ; EBD File Name ; EBD Signal Name ; EBD Far-end ;
+-----------------+--------------+-------------------+-------------------------+-------------------------+---------------+---------------------+----------------+------------------+--------+------------------+------------------------+------------------------+--------------+---------------+-----------------+-------+---------------------+--------------------+---------------+-----------------+-------------+
; is_connected    ; 2.5 V        ; 0 in              ; 0 H/in                  ; 0 F/in                  ; short         ; -                   ; open           ; open             ; open   ; 0 in             ; 0 H/in                 ; 0 F/in                 ; short        ; open          ; open            ; open  ; 0 V                 ; -                  ; n/a           ; n/a             ; n/a         ;
; client_mac[0]   ; 2.5 V        ; 0 in              ; 0 H/in                  ; 0 F/in                  ; short         ; -                   ; open           ; open             ; open   ; 0 in             ; 0 H/in                 ; 0 F/in                 ; short        ; open          ; open            ; open  ; 0 V                 ; -                  ; n/a           ; n/a             ; n/a         ;
; client_mac[1]   ; 2.5 V        ; 0 in              ; 0 H/in                  ; 0 F/in                  ; short         ; -                   ; open           ; open             ; open   ; 0 in             ; 0 H/in                 ; 0 F/in                 ; short        ; open          ; open            ; open  ; 0 V                 ; -                  ; n/a           ; n/a             ; n/a         ;
; client_mac[2]   ; 2.5 V        ; 0 in              ; 0 H/in                  ; 0 F/in                  ; short         ; -                   ; open           ; open             ; open   ; 0 in             ; 0 H/in                 ; 0 F/in                 ; short        ; open          ; open            ; open  ; 0 V                 ; -                  ; n/a           ; n/a             ; n/a         ;
; client_mac[3]   ; 2.5 V        ; 0 in              ; 0 H/in                  ; 0 F/in                  ; short         ; -                   ; open           ; open             ; open   ; 0 in             ; 0 H/in                 ; 0 F/in                 ; short        ; open          ; open            ; open  ; 0 V                 ; -                  ; n/a           ; n/a             ; n/a         ;
; client_mac[4]   ; 2.5 V        ; 0 in              ; 0 H/in                  ; 0 F/in                  ; short         ; -                   ; open           ; open             ; open   ; 0 in             ; 0 H/in                 ; 0 F/in                 ; short        ; open          ; open            ; open  ; 0 V                 ; -                  ; n/a           ; n/a             ; n/a         ;
; client_mac[5]   ; 2.5 V        ; 0 in              ; 0 H/in                  ; 0 F/in                  ; short         ; -                   ; open           ; open             ; open   ; 0 in             ; 0 H/in                 ; 0 F/in                 ; short        ; open          ; open            ; open  ; 0 V                 ; -                  ; n/a           ; n/a             ; n/a         ;
; client_mac[6]   ; 2.5 V        ; 0 in              ; 0 H/in                  ; 0 F/in                  ; short         ; -                   ; open           ; open             ; open   ; 0 in             ; 0 H/in                 ; 0 F/in                 ; short        ; open          ; open            ; open  ; 0 V                 ; -                  ; n/a           ; n/a             ; n/a         ;
; client_mac[7]   ; 2.5 V        ; 0 in              ; 0 H/in                  ; 0 F/in                  ; short         ; -                   ; open           ; open             ; open   ; 0 in             ; 0 H/in                 ; 0 F/in                 ; short        ; open          ; open            ; open  ; 0 V                 ; -                  ; n/a           ; n/a             ; n/a         ;
; client_mac[8]   ; 2.5 V        ; 0 in              ; 0 H/in                  ; 0 F/in                  ; short         ; -                   ; open           ; open             ; open   ; 0 in             ; 0 H/in                 ; 0 F/in                 ; short        ; open          ; open            ; open  ; 0 V                 ; -                  ; n/a           ; n/a             ; n/a         ;
; client_mac[9]   ; 2.5 V        ; 0 in              ; 0 H/in                  ; 0 F/in                  ; short         ; -                   ; open           ; open             ; open   ; 0 in             ; 0 H/in                 ; 0 F/in                 ; short        ; open          ; open            ; open  ; 0 V                 ; -                  ; n/a           ; n/a             ; n/a         ;
; client_mac[10]  ; 2.5 V        ; 0 in              ; 0 H/in                  ; 0 F/in                  ; short         ; -                   ; open           ; open             ; open   ; 0 in             ; 0 H/in                 ; 0 F/in                 ; short        ; open          ; open            ; open  ; 0 V                 ; -                  ; n/a           ; n/a             ; n/a         ;
; client_mac[11]  ; 2.5 V        ; 0 in              ; 0 H/in                  ; 0 F/in                  ; short         ; -                   ; open           ; open             ; open   ; 0 in             ; 0 H/in                 ; 0 F/in                 ; short        ; open          ; open            ; open  ; 0 V                 ; -                  ; n/a           ; n/a             ; n/a         ;
; client_mac[12]  ; 2.5 V        ; 0 in              ; 0 H/in                  ; 0 F/in                  ; short         ; -                   ; open           ; open             ; open   ; 0 in             ; 0 H/in                 ; 0 F/in                 ; short        ; open          ; open            ; open  ; 0 V                 ; -                  ; n/a           ; n/a             ; n/a         ;
; client_mac[13]  ; 2.5 V        ; 0 in              ; 0 H/in                  ; 0 F/in                  ; short         ; -                   ; open           ; open             ; open   ; 0 in             ; 0 H/in                 ; 0 F/in                 ; short        ; open          ; open            ; open  ; 0 V                 ; -                  ; n/a           ; n/a             ; n/a         ;
; client_mac[14]  ; 2.5 V        ; 0 in              ; 0 H/in                  ; 0 F/in                  ; short         ; -                   ; open           ; open             ; open   ; 0 in             ; 0 H/in                 ; 0 F/in                 ; short        ; open          ; open            ; open  ; 0 V                 ; -                  ; n/a           ; n/a             ; n/a         ;
; client_mac[15]  ; 2.5 V        ; 0 in              ; 0 H/in                  ; 0 F/in                  ; short         ; -                   ; open           ; open             ; open   ; 0 in             ; 0 H/in                 ; 0 F/in                 ; short        ; open          ; open            ; open  ; 0 V                 ; -                  ; n/a           ; n/a             ; n/a         ;
; client_mac[16]  ; 2.5 V        ; 0 in              ; 0 H/in                  ; 0 F/in                  ; short         ; -                   ; open           ; open             ; open   ; 0 in             ; 0 H/in                 ; 0 F/in                 ; short        ; open          ; open            ; open  ; 0 V                 ; -                  ; n/a           ; n/a             ; n/a         ;
; client_mac[17]  ; 2.5 V        ; 0 in              ; 0 H/in                  ; 0 F/in                  ; short         ; -                   ; open           ; open             ; open   ; 0 in             ; 0 H/in                 ; 0 F/in                 ; short        ; open          ; open            ; open  ; 0 V                 ; -                  ; n/a           ; n/a             ; n/a         ;
; client_mac[18]  ; 2.5 V        ; 0 in              ; 0 H/in                  ; 0 F/in                  ; short         ; -                   ; open           ; open             ; open   ; 0 in             ; 0 H/in                 ; 0 F/in                 ; short        ; open          ; open            ; open  ; 0 V                 ; -                  ; n/a           ; n/a             ; n/a         ;
; client_mac[19]  ; 2.5 V        ; 0 in              ; 0 H/in                  ; 0 F/in                  ; short         ; -                   ; open           ; open             ; open   ; 0 in             ; 0 H/in                 ; 0 F/in                 ; short        ; open          ; open            ; open  ; 0 V                 ; -                  ; n/a           ; n/a             ; n/a         ;
; client_mac[20]  ; 2.5 V        ; 0 in              ; 0 H/in                  ; 0 F/in                  ; short         ; -                   ; open           ; open             ; open   ; 0 in             ; 0 H/in                 ; 0 F/in                 ; short        ; open          ; open            ; open  ; 0 V                 ; -                  ; n/a           ; n/a             ; n/a         ;
; client_mac[21]  ; 2.5 V        ; 0 in              ; 0 H/in                  ; 0 F/in                  ; short         ; -                   ; open           ; open             ; open   ; 0 in             ; 0 H/in                 ; 0 F/in                 ; short        ; open          ; open            ; open  ; 0 V                 ; -                  ; n/a           ; n/a             ; n/a         ;
; client_mac[22]  ; 2.5 V        ; 0 in              ; 0 H/in                  ; 0 F/in                  ; short         ; -                   ; open           ; open             ; open   ; 0 in             ; 0 H/in                 ; 0 F/in                 ; short        ; open          ; open            ; open  ; 0 V                 ; -                  ; n/a           ; n/a             ; n/a         ;
; client_mac[23]  ; 2.5 V        ; 0 in              ; 0 H/in                  ; 0 F/in                  ; short         ; -                   ; open           ; open             ; open   ; 0 in             ; 0 H/in                 ; 0 F/in                 ; short        ; open          ; open            ; open  ; 0 V                 ; -                  ; n/a           ; n/a             ; n/a         ;
; client_mac[24]  ; 2.5 V        ; 0 in              ; 0 H/in                  ; 0 F/in                  ; short         ; -                   ; open           ; open             ; open   ; 0 in             ; 0 H/in                 ; 0 F/in                 ; short        ; open          ; open            ; open  ; 0 V                 ; -                  ; n/a           ; n/a             ; n/a         ;
; client_mac[25]  ; 2.5 V        ; 0 in              ; 0 H/in                  ; 0 F/in                  ; short         ; -                   ; open           ; open             ; open   ; 0 in             ; 0 H/in                 ; 0 F/in                 ; short        ; open          ; open            ; open  ; 0 V                 ; -                  ; n/a           ; n/a             ; n/a         ;
; client_mac[26]  ; 2.5 V        ; 0 in              ; 0 H/in                  ; 0 F/in                  ; short         ; -                   ; open           ; open             ; open   ; 0 in             ; 0 H/in                 ; 0 F/in                 ; short        ; open          ; open            ; open  ; 0 V                 ; -                  ; n/a           ; n/a             ; n/a         ;
; client_mac[27]  ; 2.5 V        ; 0 in              ; 0 H/in                  ; 0 F/in                  ; short         ; -                   ; open           ; open             ; open   ; 0 in             ; 0 H/in                 ; 0 F/in                 ; short        ; open          ; open            ; open  ; 0 V                 ; -                  ; n/a           ; n/a             ; n/a         ;
; client_mac[28]  ; 2.5 V        ; 0 in              ; 0 H/in                  ; 0 F/in                  ; short         ; -                   ; open           ; open             ; open   ; 0 in             ; 0 H/in                 ; 0 F/in                 ; short        ; open          ; open            ; open  ; 0 V                 ; -                  ; n/a           ; n/a             ; n/a         ;
; client_mac[29]  ; 2.5 V        ; 0 in              ; 0 H/in                  ; 0 F/in                  ; short         ; -                   ; open           ; open             ; open   ; 0 in             ; 0 H/in                 ; 0 F/in                 ; short        ; open          ; open            ; open  ; 0 V                 ; -                  ; n/a           ; n/a             ; n/a         ;
; client_mac[30]  ; 2.5 V        ; 0 in              ; 0 H/in                  ; 0 F/in                  ; short         ; -                   ; open           ; open             ; open   ; 0 in             ; 0 H/in                 ; 0 F/in                 ; short        ; open          ; open            ; open  ; 0 V                 ; -                  ; n/a           ; n/a             ; n/a         ;
; client_mac[31]  ; 2.5 V        ; 0 in              ; 0 H/in                  ; 0 F/in                  ; short         ; -                   ; open           ; open             ; open   ; 0 in             ; 0 H/in                 ; 0 F/in                 ; short        ; open          ; open            ; open  ; 0 V                 ; -                  ; n/a           ; n/a             ; n/a         ;
; client_mac[32]  ; 2.5 V        ; 0 in              ; 0 H/in                  ; 0 F/in                  ; short         ; -                   ; open           ; open             ; open   ; 0 in             ; 0 H/in                 ; 0 F/in                 ; short        ; open          ; open            ; open  ; 0 V                 ; -                  ; n/a           ; n/a             ; n/a         ;
; client_mac[33]  ; 2.5 V        ; 0 in              ; 0 H/in                  ; 0 F/in                  ; short         ; -                   ; open           ; open             ; open   ; 0 in             ; 0 H/in                 ; 0 F/in                 ; short        ; open          ; open            ; open  ; 0 V                 ; -                  ; n/a           ; n/a             ; n/a         ;
; client_mac[34]  ; 2.5 V        ; 0 in              ; 0 H/in                  ; 0 F/in                  ; short         ; -                   ; open           ; open             ; open   ; 0 in             ; 0 H/in                 ; 0 F/in                 ; short        ; open          ; open            ; open  ; 0 V                 ; -                  ; n/a           ; n/a             ; n/a         ;
; client_mac[35]  ; 2.5 V        ; 0 in              ; 0 H/in                  ; 0 F/in                  ; short         ; -                   ; open           ; open             ; open   ; 0 in             ; 0 H/in                 ; 0 F/in                 ; short        ; open          ; open            ; open  ; 0 V                 ; -                  ; n/a           ; n/a             ; n/a         ;
; client_mac[36]  ; 2.5 V        ; 0 in              ; 0 H/in                  ; 0 F/in                  ; short         ; -                   ; open           ; open             ; open   ; 0 in             ; 0 H/in                 ; 0 F/in                 ; short        ; open          ; open            ; open  ; 0 V                 ; -                  ; n/a           ; n/a             ; n/a         ;
; client_mac[37]  ; 2.5 V        ; 0 in              ; 0 H/in                  ; 0 F/in                  ; short         ; -                   ; open           ; open             ; open   ; 0 in             ; 0 H/in                 ; 0 F/in                 ; short        ; open          ; open            ; open  ; 0 V                 ; -                  ; n/a           ; n/a             ; n/a         ;
; client_mac[38]  ; 2.5 V        ; 0 in              ; 0 H/in                  ; 0 F/in                  ; short         ; -                   ; open           ; open             ; open   ; 0 in             ; 0 H/in                 ; 0 F/in                 ; short        ; open          ; open            ; open  ; 0 V                 ; -                  ; n/a           ; n/a             ; n/a         ;
; client_mac[39]  ; 2.5 V        ; 0 in              ; 0 H/in                  ; 0 F/in                  ; short         ; -                   ; open           ; open             ; open   ; 0 in             ; 0 H/in                 ; 0 F/in                 ; short        ; open          ; open            ; open  ; 0 V                 ; -                  ; n/a           ; n/a             ; n/a         ;
; client_mac[40]  ; 2.5 V        ; 0 in              ; 0 H/in                  ; 0 F/in                  ; short         ; -                   ; open           ; open             ; open   ; 0 in             ; 0 H/in                 ; 0 F/in                 ; short        ; open          ; open            ; open  ; 0 V                 ; -                  ; n/a           ; n/a             ; n/a         ;
; client_mac[41]  ; 2.5 V        ; 0 in              ; 0 H/in                  ; 0 F/in                  ; short         ; -                   ; open           ; open             ; open   ; 0 in             ; 0 H/in                 ; 0 F/in                 ; short        ; open          ; open            ; open  ; 0 V                 ; -                  ; n/a           ; n/a             ; n/a         ;
; client_mac[42]  ; 2.5 V        ; 0 in              ; 0 H/in                  ; 0 F/in                  ; short         ; -                   ; open           ; open             ; open   ; 0 in             ; 0 H/in                 ; 0 F/in                 ; short        ; open          ; open            ; open  ; 0 V                 ; -                  ; n/a           ; n/a             ; n/a         ;
; client_mac[43]  ; 2.5 V        ; 0 in              ; 0 H/in                  ; 0 F/in                  ; short         ; -                   ; open           ; open             ; open   ; 0 in             ; 0 H/in                 ; 0 F/in                 ; short        ; open          ; open            ; open  ; 0 V                 ; -                  ; n/a           ; n/a             ; n/a         ;
; client_mac[44]  ; 2.5 V        ; 0 in              ; 0 H/in                  ; 0 F/in                  ; short         ; -                   ; open           ; open             ; open   ; 0 in             ; 0 H/in                 ; 0 F/in                 ; short        ; open          ; open            ; open  ; 0 V                 ; -                  ; n/a           ; n/a             ; n/a         ;
; client_mac[45]  ; 2.5 V        ; 0 in              ; 0 H/in                  ; 0 F/in                  ; short         ; -                   ; open           ; open             ; open   ; 0 in             ; 0 H/in                 ; 0 F/in                 ; short        ; open          ; open            ; open  ; 0 V                 ; -                  ; n/a           ; n/a             ; n/a         ;
; client_mac[46]  ; 2.5 V        ; 0 in              ; 0 H/in                  ; 0 F/in                  ; short         ; -                   ; open           ; open             ; open   ; 0 in             ; 0 H/in                 ; 0 F/in                 ; short        ; open          ; open            ; open  ; 0 V                 ; -                  ; n/a           ; n/a             ; n/a         ;
; client_mac[47]  ; 2.5 V        ; 0 in              ; 0 H/in                  ; 0 F/in                  ; short         ; -                   ; open           ; open             ; open   ; 0 in             ; 0 H/in                 ; 0 F/in                 ; short        ; open          ; open            ; open  ; 0 V                 ; -                  ; n/a           ; n/a             ; n/a         ;
; client_ip[0]    ; 2.5 V        ; 0 in              ; 0 H/in                  ; 0 F/in                  ; short         ; -                   ; open           ; open             ; open   ; 0 in             ; 0 H/in                 ; 0 F/in                 ; short        ; open          ; open            ; open  ; 0 V                 ; -                  ; n/a           ; n/a             ; n/a         ;
; client_ip[1]    ; 2.5 V        ; 0 in              ; 0 H/in                  ; 0 F/in                  ; short         ; -                   ; open           ; open             ; open   ; 0 in             ; 0 H/in                 ; 0 F/in                 ; short        ; open          ; open            ; open  ; 0 V                 ; -                  ; n/a           ; n/a             ; n/a         ;
; client_ip[2]    ; 2.5 V        ; 0 in              ; 0 H/in                  ; 0 F/in                  ; short         ; -                   ; open           ; open             ; open   ; 0 in             ; 0 H/in                 ; 0 F/in                 ; short        ; open          ; open            ; open  ; 0 V                 ; -                  ; n/a           ; n/a             ; n/a         ;
; client_ip[3]    ; 2.5 V        ; 0 in              ; 0 H/in                  ; 0 F/in                  ; short         ; -                   ; open           ; open             ; open   ; 0 in             ; 0 H/in                 ; 0 F/in                 ; short        ; open          ; open            ; open  ; 0 V                 ; -                  ; n/a           ; n/a             ; n/a         ;
; client_ip[4]    ; 2.5 V        ; 0 in              ; 0 H/in                  ; 0 F/in                  ; short         ; -                   ; open           ; open             ; open   ; 0 in             ; 0 H/in                 ; 0 F/in                 ; short        ; open          ; open            ; open  ; 0 V                 ; -                  ; n/a           ; n/a             ; n/a         ;
; client_ip[5]    ; 2.5 V        ; 0 in              ; 0 H/in                  ; 0 F/in                  ; short         ; -                   ; open           ; open             ; open   ; 0 in             ; 0 H/in                 ; 0 F/in                 ; short        ; open          ; open            ; open  ; 0 V                 ; -                  ; n/a           ; n/a             ; n/a         ;
; client_ip[6]    ; 2.5 V        ; 0 in              ; 0 H/in                  ; 0 F/in                  ; short         ; -                   ; open           ; open             ; open   ; 0 in             ; 0 H/in                 ; 0 F/in                 ; short        ; open          ; open            ; open  ; 0 V                 ; -                  ; n/a           ; n/a             ; n/a         ;
; client_ip[7]    ; 2.5 V        ; 0 in              ; 0 H/in                  ; 0 F/in                  ; short         ; -                   ; open           ; open             ; open   ; 0 in             ; 0 H/in                 ; 0 F/in                 ; short        ; open          ; open            ; open  ; 0 V                 ; -                  ; n/a           ; n/a             ; n/a         ;
; client_ip[8]    ; 2.5 V        ; 0 in              ; 0 H/in                  ; 0 F/in                  ; short         ; -                   ; open           ; open             ; open   ; 0 in             ; 0 H/in                 ; 0 F/in                 ; short        ; open          ; open            ; open  ; 0 V                 ; -                  ; n/a           ; n/a             ; n/a         ;
; client_ip[9]    ; 2.5 V        ; 0 in              ; 0 H/in                  ; 0 F/in                  ; short         ; -                   ; open           ; open             ; open   ; 0 in             ; 0 H/in                 ; 0 F/in                 ; short        ; open          ; open            ; open  ; 0 V                 ; -                  ; n/a           ; n/a             ; n/a         ;
; client_ip[10]   ; 2.5 V        ; 0 in              ; 0 H/in                  ; 0 F/in                  ; short         ; -                   ; open           ; open             ; open   ; 0 in             ; 0 H/in                 ; 0 F/in                 ; short        ; open          ; open            ; open  ; 0 V                 ; -                  ; n/a           ; n/a             ; n/a         ;
; client_ip[11]   ; 2.5 V        ; 0 in              ; 0 H/in                  ; 0 F/in                  ; short         ; -                   ; open           ; open             ; open   ; 0 in             ; 0 H/in                 ; 0 F/in                 ; short        ; open          ; open            ; open  ; 0 V                 ; -                  ; n/a           ; n/a             ; n/a         ;
; client_ip[12]   ; 2.5 V        ; 0 in              ; 0 H/in                  ; 0 F/in                  ; short         ; -                   ; open           ; open             ; open   ; 0 in             ; 0 H/in                 ; 0 F/in                 ; short        ; open          ; open            ; open  ; 0 V                 ; -                  ; n/a           ; n/a             ; n/a         ;
; client_ip[13]   ; 2.5 V        ; 0 in              ; 0 H/in                  ; 0 F/in                  ; short         ; -                   ; open           ; open             ; open   ; 0 in             ; 0 H/in                 ; 0 F/in                 ; short        ; open          ; open            ; open  ; 0 V                 ; -                  ; n/a           ; n/a             ; n/a         ;
; client_ip[14]   ; 2.5 V        ; 0 in              ; 0 H/in                  ; 0 F/in                  ; short         ; -                   ; open           ; open             ; open   ; 0 in             ; 0 H/in                 ; 0 F/in                 ; short        ; open          ; open            ; open  ; 0 V                 ; -                  ; n/a           ; n/a             ; n/a         ;
; client_ip[15]   ; 2.5 V        ; 0 in              ; 0 H/in                  ; 0 F/in                  ; short         ; -                   ; open           ; open             ; open   ; 0 in             ; 0 H/in                 ; 0 F/in                 ; short        ; open          ; open            ; open  ; 0 V                 ; -                  ; n/a           ; n/a             ; n/a         ;
; client_ip[16]   ; 2.5 V        ; 0 in              ; 0 H/in                  ; 0 F/in                  ; short         ; -                   ; open           ; open             ; open   ; 0 in             ; 0 H/in                 ; 0 F/in                 ; short        ; open          ; open            ; open  ; 0 V                 ; -                  ; n/a           ; n/a             ; n/a         ;
; client_ip[17]   ; 2.5 V        ; 0 in              ; 0 H/in                  ; 0 F/in                  ; short         ; -                   ; open           ; open             ; open   ; 0 in             ; 0 H/in                 ; 0 F/in                 ; short        ; open          ; open            ; open  ; 0 V                 ; -                  ; n/a           ; n/a             ; n/a         ;
; client_ip[18]   ; 2.5 V        ; 0 in              ; 0 H/in                  ; 0 F/in                  ; short         ; -                   ; open           ; open             ; open   ; 0 in             ; 0 H/in                 ; 0 F/in                 ; short        ; open          ; open            ; open  ; 0 V                 ; -                  ; n/a           ; n/a             ; n/a         ;
; client_ip[19]   ; 2.5 V        ; 0 in              ; 0 H/in                  ; 0 F/in                  ; short         ; -                   ; open           ; open             ; open   ; 0 in             ; 0 H/in                 ; 0 F/in                 ; short        ; open          ; open            ; open  ; 0 V                 ; -                  ; n/a           ; n/a             ; n/a         ;
; client_ip[20]   ; 2.5 V        ; 0 in              ; 0 H/in                  ; 0 F/in                  ; short         ; -                   ; open           ; open             ; open   ; 0 in             ; 0 H/in                 ; 0 F/in                 ; short        ; open          ; open            ; open  ; 0 V                 ; -                  ; n/a           ; n/a             ; n/a         ;
; client_ip[21]   ; 2.5 V        ; 0 in              ; 0 H/in                  ; 0 F/in                  ; short         ; -                   ; open           ; open             ; open   ; 0 in             ; 0 H/in                 ; 0 F/in                 ; short        ; open          ; open            ; open  ; 0 V                 ; -                  ; n/a           ; n/a             ; n/a         ;
; client_ip[22]   ; 2.5 V        ; 0 in              ; 0 H/in                  ; 0 F/in                  ; short         ; -                   ; open           ; open             ; open   ; 0 in             ; 0 H/in                 ; 0 F/in                 ; short        ; open          ; open            ; open  ; 0 V                 ; -                  ; n/a           ; n/a             ; n/a         ;
; client_ip[23]   ; 2.5 V        ; 0 in              ; 0 H/in                  ; 0 F/in                  ; short         ; -                   ; open           ; open             ; open   ; 0 in             ; 0 H/in                 ; 0 F/in                 ; short        ; open          ; open            ; open  ; 0 V                 ; -                  ; n/a           ; n/a             ; n/a         ;
; client_ip[24]   ; 2.5 V        ; 0 in              ; 0 H/in                  ; 0 F/in                  ; short         ; -                   ; open           ; open             ; open   ; 0 in             ; 0 H/in                 ; 0 F/in                 ; short        ; open          ; open            ; open  ; 0 V                 ; -                  ; n/a           ; n/a             ; n/a         ;
; client_ip[25]   ; 2.5 V        ; 0 in              ; 0 H/in                  ; 0 F/in                  ; short         ; -                   ; open           ; open             ; open   ; 0 in             ; 0 H/in                 ; 0 F/in                 ; short        ; open          ; open            ; open  ; 0 V                 ; -                  ; n/a           ; n/a             ; n/a         ;
; client_ip[26]   ; 2.5 V        ; 0 in              ; 0 H/in                  ; 0 F/in                  ; short         ; -                   ; open           ; open             ; open   ; 0 in             ; 0 H/in                 ; 0 F/in                 ; short        ; open          ; open            ; open  ; 0 V                 ; -                  ; n/a           ; n/a             ; n/a         ;
; client_ip[27]   ; 2.5 V        ; 0 in              ; 0 H/in                  ; 0 F/in                  ; short         ; -                   ; open           ; open             ; open   ; 0 in             ; 0 H/in                 ; 0 F/in                 ; short        ; open          ; open            ; open  ; 0 V                 ; -                  ; n/a           ; n/a             ; n/a         ;
; client_ip[28]   ; 2.5 V        ; 0 in              ; 0 H/in                  ; 0 F/in                  ; short         ; -                   ; open           ; open             ; open   ; 0 in             ; 0 H/in                 ; 0 F/in                 ; short        ; open          ; open            ; open  ; 0 V                 ; -                  ; n/a           ; n/a             ; n/a         ;
; client_ip[29]   ; 2.5 V        ; 0 in              ; 0 H/in                  ; 0 F/in                  ; short         ; -                   ; open           ; open             ; open   ; 0 in             ; 0 H/in                 ; 0 F/in                 ; short        ; open          ; open            ; open  ; 0 V                 ; -                  ; n/a           ; n/a             ; n/a         ;
; client_ip[30]   ; 2.5 V        ; 0 in              ; 0 H/in                  ; 0 F/in                  ; short         ; -                   ; open           ; open             ; open   ; 0 in             ; 0 H/in                 ; 0 F/in                 ; short        ; open          ; open            ; open  ; 0 V                 ; -                  ; n/a           ; n/a             ; n/a         ;
; client_ip[31]   ; 2.5 V        ; 0 in              ; 0 H/in                  ; 0 F/in                  ; short         ; -                   ; open           ; open             ; open   ; 0 in             ; 0 H/in                 ; 0 F/in                 ; short        ; open          ; open            ; open  ; 0 V                 ; -                  ; n/a           ; n/a             ; n/a         ;
; client_port[0]  ; 2.5 V        ; 0 in              ; 0 H/in                  ; 0 F/in                  ; short         ; -                   ; open           ; open             ; open   ; 0 in             ; 0 H/in                 ; 0 F/in                 ; short        ; open          ; open            ; open  ; 0 V                 ; -                  ; n/a           ; n/a             ; n/a         ;
; client_port[1]  ; 2.5 V        ; 0 in              ; 0 H/in                  ; 0 F/in                  ; short         ; -                   ; open           ; open             ; open   ; 0 in             ; 0 H/in                 ; 0 F/in                 ; short        ; open          ; open            ; open  ; 0 V                 ; -                  ; n/a           ; n/a             ; n/a         ;
; client_port[2]  ; 2.5 V        ; 0 in              ; 0 H/in                  ; 0 F/in                  ; short         ; -                   ; open           ; open             ; open   ; 0 in             ; 0 H/in                 ; 0 F/in                 ; short        ; open          ; open            ; open  ; 0 V                 ; -                  ; n/a           ; n/a             ; n/a         ;
; client_port[3]  ; 2.5 V        ; 0 in              ; 0 H/in                  ; 0 F/in                  ; short         ; -                   ; open           ; open             ; open   ; 0 in             ; 0 H/in                 ; 0 F/in                 ; short        ; open          ; open            ; open  ; 0 V                 ; -                  ; n/a           ; n/a             ; n/a         ;
; client_port[4]  ; 2.5 V        ; 0 in              ; 0 H/in                  ; 0 F/in                  ; short         ; -                   ; open           ; open             ; open   ; 0 in             ; 0 H/in                 ; 0 F/in                 ; short        ; open          ; open            ; open  ; 0 V                 ; -                  ; n/a           ; n/a             ; n/a         ;
; client_port[5]  ; 2.5 V        ; 0 in              ; 0 H/in                  ; 0 F/in                  ; short         ; -                   ; open           ; open             ; open   ; 0 in             ; 0 H/in                 ; 0 F/in                 ; short        ; open          ; open            ; open  ; 0 V                 ; -                  ; n/a           ; n/a             ; n/a         ;
; client_port[6]  ; 2.5 V        ; 0 in              ; 0 H/in                  ; 0 F/in                  ; short         ; -                   ; open           ; open             ; open   ; 0 in             ; 0 H/in                 ; 0 F/in                 ; short        ; open          ; open            ; open  ; 0 V                 ; -                  ; n/a           ; n/a             ; n/a         ;
; client_port[7]  ; 2.5 V        ; 0 in              ; 0 H/in                  ; 0 F/in                  ; short         ; -                   ; open           ; open             ; open   ; 0 in             ; 0 H/in                 ; 0 F/in                 ; short        ; open          ; open            ; open  ; 0 V                 ; -                  ; n/a           ; n/a             ; n/a         ;
; client_port[8]  ; 2.5 V        ; 0 in              ; 0 H/in                  ; 0 F/in                  ; short         ; -                   ; open           ; open             ; open   ; 0 in             ; 0 H/in                 ; 0 F/in                 ; short        ; open          ; open            ; open  ; 0 V                 ; -                  ; n/a           ; n/a             ; n/a         ;
; client_port[9]  ; 2.5 V        ; 0 in              ; 0 H/in                  ; 0 F/in                  ; short         ; -                   ; open           ; open             ; open   ; 0 in             ; 0 H/in                 ; 0 F/in                 ; short        ; open          ; open            ; open  ; 0 V                 ; -                  ; n/a           ; n/a             ; n/a         ;
; client_port[10] ; 2.5 V        ; 0 in              ; 0 H/in                  ; 0 F/in                  ; short         ; -                   ; open           ; open             ; open   ; 0 in             ; 0 H/in                 ; 0 F/in                 ; short        ; open          ; open            ; open  ; 0 V                 ; -                  ; n/a           ; n/a             ; n/a         ;
; client_port[11] ; 2.5 V        ; 0 in              ; 0 H/in                  ; 0 F/in                  ; short         ; -                   ; open           ; open             ; open   ; 0 in             ; 0 H/in                 ; 0 F/in                 ; short        ; open          ; open            ; open  ; 0 V                 ; -                  ; n/a           ; n/a             ; n/a         ;
; client_port[12] ; 2.5 V        ; 0 in              ; 0 H/in                  ; 0 F/in                  ; short         ; -                   ; open           ; open             ; open   ; 0 in             ; 0 H/in                 ; 0 F/in                 ; short        ; open          ; open            ; open  ; 0 V                 ; -                  ; n/a           ; n/a             ; n/a         ;
; client_port[13] ; 2.5 V        ; 0 in              ; 0 H/in                  ; 0 F/in                  ; short         ; -                   ; open           ; open             ; open   ; 0 in             ; 0 H/in                 ; 0 F/in                 ; short        ; open          ; open            ; open  ; 0 V                 ; -                  ; n/a           ; n/a             ; n/a         ;
; client_port[14] ; 2.5 V        ; 0 in              ; 0 H/in                  ; 0 F/in                  ; short         ; -                   ; open           ; open             ; open   ; 0 in             ; 0 H/in                 ; 0 F/in                 ; short        ; open          ; open            ; open  ; 0 V                 ; -                  ; n/a           ; n/a             ; n/a         ;
; client_port[15] ; 2.5 V        ; 0 in              ; 0 H/in                  ; 0 F/in                  ; short         ; -                   ; open           ; open             ; open   ; 0 in             ; 0 H/in                 ; 0 F/in                 ; short        ; open          ; open            ; open  ; 0 V                 ; -                  ; n/a           ; n/a             ; n/a         ;
; in_ready        ; 2.5 V        ; 0 in              ; 0 H/in                  ; 0 F/in                  ; short         ; -                   ; open           ; open             ; open   ; 0 in             ; 0 H/in                 ; 0 F/in                 ; short        ; open          ; open            ; open  ; 0 V                 ; -                  ; n/a           ; n/a             ; n/a         ;
; out_data[0]     ; 2.5 V        ; 0 in              ; 0 H/in                  ; 0 F/in                  ; short         ; -                   ; open           ; open             ; open   ; 0 in             ; 0 H/in                 ; 0 F/in                 ; short        ; open          ; open            ; open  ; 0 V                 ; -                  ; n/a           ; n/a             ; n/a         ;
; out_data[1]     ; 2.5 V        ; 0 in              ; 0 H/in                  ; 0 F/in                  ; short         ; -                   ; open           ; open             ; open   ; 0 in             ; 0 H/in                 ; 0 F/in                 ; short        ; open          ; open            ; open  ; 0 V                 ; -                  ; n/a           ; n/a             ; n/a         ;
; out_data[2]     ; 2.5 V        ; 0 in              ; 0 H/in                  ; 0 F/in                  ; short         ; -                   ; open           ; open             ; open   ; 0 in             ; 0 H/in                 ; 0 F/in                 ; short        ; open          ; open            ; open  ; 0 V                 ; -                  ; n/a           ; n/a             ; n/a         ;
; out_data[3]     ; 2.5 V        ; 0 in              ; 0 H/in                  ; 0 F/in                  ; short         ; -                   ; open           ; open             ; open   ; 0 in             ; 0 H/in                 ; 0 F/in                 ; short        ; open          ; open            ; open  ; 0 V                 ; -                  ; n/a           ; n/a             ; n/a         ;
; out_data[4]     ; 2.5 V        ; 0 in              ; 0 H/in                  ; 0 F/in                  ; short         ; -                   ; open           ; open             ; open   ; 0 in             ; 0 H/in                 ; 0 F/in                 ; short        ; open          ; open            ; open  ; 0 V                 ; -                  ; n/a           ; n/a             ; n/a         ;
; out_data[5]     ; 2.5 V        ; 0 in              ; 0 H/in                  ; 0 F/in                  ; short         ; -                   ; open           ; open             ; open   ; 0 in             ; 0 H/in                 ; 0 F/in                 ; short        ; open          ; open            ; open  ; 0 V                 ; -                  ; n/a           ; n/a             ; n/a         ;
; out_data[6]     ; 2.5 V        ; 0 in              ; 0 H/in                  ; 0 F/in                  ; short         ; -                   ; open           ; open             ; open   ; 0 in             ; 0 H/in                 ; 0 F/in                 ; short        ; open          ; open            ; open  ; 0 V                 ; -                  ; n/a           ; n/a             ; n/a         ;
; out_data[7]     ; 2.5 V        ; 0 in              ; 0 H/in                  ; 0 F/in                  ; short         ; -                   ; open           ; open             ; open   ; 0 in             ; 0 H/in                 ; 0 F/in                 ; short        ; open          ; open            ; open  ; 0 V                 ; -                  ; n/a           ; n/a             ; n/a         ;
; out_valid       ; 2.5 V        ; 0 in              ; 0 H/in                  ; 0 F/in                  ; short         ; -                   ; open           ; open             ; open   ; 0 in             ; 0 H/in                 ; 0 F/in                 ; short        ; open          ; open            ; open  ; 0 V                 ; -                  ; n/a           ; n/a             ; n/a         ;
; out_sop         ; 2.5 V        ; 0 in              ; 0 H/in                  ; 0 F/in                  ; short         ; -                   ; open           ; open             ; open   ; 0 in             ; 0 H/in                 ; 0 F/in                 ; short        ; open          ; open            ; open  ; 0 V                 ; -                  ; n/a           ; n/a             ; n/a         ;
; out_eop         ; 2.5 V        ; 0 in              ; 0 H/in                  ; 0 F/in                  ; short         ; -                   ; open           ; open             ; open   ; 0 in             ; 0 H/in                 ; 0 F/in                 ; short        ; open          ; open            ; open  ; 0 V                 ; -                  ; n/a           ; n/a             ; n/a         ;
; ~ALTERA_DCLK~   ; 2.5 V        ; 0 in              ; 0 H/in                  ; 0 F/in                  ; short         ; -                   ; open           ; open             ; open   ; 0 in             ; 0 H/in                 ; 0 F/in                 ; short        ; open          ; open            ; open  ; 0 V                 ; -                  ; n/a           ; n/a             ; n/a         ;
; ~ALTERA_nCEO~   ; 2.5 V        ; 0 in              ; 0 H/in                  ; 0 F/in                  ; short         ; -                   ; open           ; open             ; open   ; 0 in             ; 0 H/in                 ; 0 F/in                 ; short        ; open          ; open            ; open  ; 0 V                 ; -                  ; n/a           ; n/a             ; n/a         ;
+-----------------+--------------+-------------------+-------------------------+-------------------------+---------------+---------------------+----------------+------------------+--------+------------------+------------------------+------------------------+--------------+---------------+-----------------+-------+---------------------+--------------------+---------------+-----------------+-------------+


+----------------------------------------------------------------------------+
; Input Transition Times                                                     ;
+-------------------------+--------------+-----------------+-----------------+
; Pin                     ; I/O Standard ; 10-90 Rise Time ; 90-10 Fall Time ;
+-------------------------+--------------+-----------------+-----------------+
; clock                   ; 2.5 V        ; 2000 ps         ; 2000 ps         ;
; reset                   ; 2.5 V        ; 2000 ps         ; 2000 ps         ;
; in_data[0]              ; 2.5 V        ; 2000 ps         ; 2000 ps         ;
; in_valid                ; 2.5 V        ; 2000 ps         ; 2000 ps         ;
; in_data[1]              ; 2.5 V        ; 2000 ps         ; 2000 ps         ;
; in_data[2]              ; 2.5 V        ; 2000 ps         ; 2000 ps         ;
; in_data[3]              ; 2.5 V        ; 2000 ps         ; 2000 ps         ;
; in_data[4]              ; 2.5 V        ; 2000 ps         ; 2000 ps         ;
; in_data[5]              ; 2.5 V        ; 2000 ps         ; 2000 ps         ;
; in_data[6]              ; 2.5 V        ; 2000 ps         ; 2000 ps         ;
; in_data[7]              ; 2.5 V        ; 2000 ps         ; 2000 ps         ;
; in_eop                  ; 2.5 V        ; 2000 ps         ; 2000 ps         ;
; out_ready               ; 2.5 V        ; 2000 ps         ; 2000 ps         ;
; in_sop                  ; 2.5 V        ; 2000 ps         ; 2000 ps         ;
; ~ALTERA_ASDO_DATA1~     ; 2.5 V        ; 2000 ps         ; 2000 ps         ;
; ~ALTERA_FLASH_nCE_nCSO~ ; 2.5 V        ; 2000 ps         ; 2000 ps         ;
; ~ALTERA_DATA0~          ; 2.5 V        ; 2000 ps         ; 2000 ps         ;
+-------------------------+--------------+-----------------+-----------------+


+----------------------------------------------------------------------------------------------------------------------------------------------------------------------------------------------------------------------------------------------------------------------------------------------------------------------------------------------------------------------------------------------------------------------------------------------------------------------------------------------------------------------------------------------------------------------------------------------------------------------------------------------------------------------------------------------+
; Signal Integrity Metrics (Slow 1200mv 0c Model)                                                                                                                                                                                                                                                                                                                                                                                                                                                                                                                                                                                                                                              ;
+-----------------+--------------+---------------------+---------------------+------------------------------+------------------------------+---------------------+---------------------+--------------------------------------+--------------------------------------+-----------------------------+-----------------------------+----------------------------+----------------------------+-----------------------------+-----------------------------+--------------------+--------------------+-------------------------------------+-------------------------------------+----------------------------+----------------------------+---------------------------+---------------------------+
; Pin             ; I/O Standard ; Board Delay on Rise ; Board Delay on Fall ; Steady State Voh at FPGA Pin ; Steady State Vol at FPGA Pin ; Voh Max at FPGA Pin ; Vol Min at FPGA Pin ; Ringback Voltage on Rise at FPGA Pin ; Ringback Voltage on Fall at FPGA Pin ; 10-90 Rise Time at FPGA Pin ; 90-10 Fall Time at FPGA Pin ; Monotonic Rise at FPGA Pin ; Monotonic Fall at FPGA Pin ; Steady State Voh at Far-end ; Steady State Vol at Far-end ; Voh Max at Far-end ; Vol Min at Far-end ; Ringback Voltage on Rise at Far-end ; Ringback Voltage on Fall at Far-end ; 10-90 Rise Time at Far-end ; 90-10 Fall Time at Far-end ; Monotonic Rise at Far-end ; Monotonic Fall at Far-end ;
+-----------------+--------------+---------------------+---------------------+------------------------------+------------------------------+---------------------+---------------------+--------------------------------------+--------------------------------------+-----------------------------+-----------------------------+----------------------------+----------------------------+-----------------------------+-----------------------------+--------------------+--------------------+-------------------------------------+-------------------------------------+----------------------------+----------------------------+---------------------------+---------------------------+
; is_connected    ; 2.5 V        ; 0 s                 ; 0 s                 ; 2.32 V                       ; 4.44e-09 V                   ; 2.38 V              ; -0.0145 V           ; 0.169 V                              ; 0.026 V                              ; 4.83e-10 s                  ; 4.71e-10 s                  ; Yes                        ; Yes                        ; 2.32 V                      ; 4.44e-09 V                  ; 2.38 V             ; -0.0145 V          ; 0.169 V                             ; 0.026 V                             ; 4.83e-10 s                 ; 4.71e-10 s                 ; Yes                       ; Yes                       ;
; client_mac[0]   ; 2.5 V        ; 0 s                 ; 0 s                 ; 2.32 V                       ; 5.95e-09 V                   ; 2.38 V              ; -0.016 V            ; 0.22 V                               ; 0.025 V                              ; 3.06e-10 s                  ; 3.3e-10 s                   ; Yes                        ; Yes                        ; 2.32 V                      ; 5.95e-09 V                  ; 2.38 V             ; -0.016 V           ; 0.22 V                              ; 0.025 V                             ; 3.06e-10 s                 ; 3.3e-10 s                  ; Yes                       ; Yes                       ;
; client_mac[1]   ; 2.5 V        ; 0 s                 ; 0 s                 ; 2.32 V                       ; 5.95e-09 V                   ; 2.38 V              ; -0.016 V            ; 0.22 V                               ; 0.025 V                              ; 3.06e-10 s                  ; 3.3e-10 s                   ; Yes                        ; Yes                        ; 2.32 V                      ; 5.95e-09 V                  ; 2.38 V             ; -0.016 V           ; 0.22 V                              ; 0.025 V                             ; 3.06e-10 s                 ; 3.3e-10 s                  ; Yes                       ; Yes                       ;
; client_mac[2]   ; 2.5 V        ; 0 s                 ; 0 s                 ; 2.32 V                       ; 5.95e-09 V                   ; 2.38 V              ; -0.016 V            ; 0.22 V                               ; 0.025 V                              ; 3.06e-10 s                  ; 3.3e-10 s                   ; Yes                        ; Yes                        ; 2.32 V                      ; 5.95e-09 V                  ; 2.38 V             ; -0.016 V           ; 0.22 V                              ; 0.025 V                             ; 3.06e-10 s                 ; 3.3e-10 s                  ; Yes                       ; Yes                       ;
; client_mac[3]   ; 2.5 V        ; 0 s                 ; 0 s                 ; 2.32 V                       ; 5.95e-09 V                   ; 2.38 V              ; -0.016 V            ; 0.22 V                               ; 0.025 V                              ; 3.06e-10 s                  ; 3.3e-10 s                   ; Yes                        ; Yes                        ; 2.32 V                      ; 5.95e-09 V                  ; 2.38 V             ; -0.016 V           ; 0.22 V                              ; 0.025 V                             ; 3.06e-10 s                 ; 3.3e-10 s                  ; Yes                       ; Yes                       ;
; client_mac[4]   ; 2.5 V        ; 0 s                 ; 0 s                 ; 2.32 V                       ; 4.44e-09 V                   ; 2.33 V              ; -0.00624 V          ; 0.185 V                              ; 0.097 V                              ; 2.82e-09 s                  ; 2.56e-09 s                  ; No                         ; Yes                        ; 2.32 V                      ; 4.44e-09 V                  ; 2.33 V             ; -0.00624 V         ; 0.185 V                             ; 0.097 V                             ; 2.82e-09 s                 ; 2.56e-09 s                 ; No                        ; Yes                       ;
; client_mac[5]   ; 2.5 V        ; 0 s                 ; 0 s                 ; 2.32 V                       ; 5.95e-09 V                   ; 2.38 V              ; -0.016 V            ; 0.22 V                               ; 0.025 V                              ; 3.06e-10 s                  ; 3.3e-10 s                   ; Yes                        ; Yes                        ; 2.32 V                      ; 5.95e-09 V                  ; 2.38 V             ; -0.016 V           ; 0.22 V                              ; 0.025 V                             ; 3.06e-10 s                 ; 3.3e-10 s                  ; Yes                       ; Yes                       ;
; client_mac[6]   ; 2.5 V        ; 0 s                 ; 0 s                 ; 2.32 V                       ; 5.95e-09 V                   ; 2.38 V              ; -0.016 V            ; 0.22 V                               ; 0.025 V                              ; 3.06e-10 s                  ; 3.3e-10 s                   ; Yes                        ; Yes                        ; 2.32 V                      ; 5.95e-09 V                  ; 2.38 V             ; -0.016 V           ; 0.22 V                              ; 0.025 V                             ; 3.06e-10 s                 ; 3.3e-10 s                  ; Yes                       ; Yes                       ;
; client_mac[7]   ; 2.5 V        ; 0 s                 ; 0 s                 ; 2.32 V                       ; 5.95e-09 V                   ; 2.38 V              ; -0.016 V            ; 0.22 V                               ; 0.025 V                              ; 3.06e-10 s                  ; 3.3e-10 s                   ; Yes                        ; Yes                        ; 2.32 V                      ; 5.95e-09 V                  ; 2.38 V             ; -0.016 V           ; 0.22 V                              ; 0.025 V                             ; 3.06e-10 s                 ; 3.3e-10 s                  ; Yes                       ; Yes                       ;
; client_mac[8]   ; 2.5 V        ; 0 s                 ; 0 s                 ; 2.32 V                       ; 5.95e-09 V                   ; 2.38 V              ; -0.016 V            ; 0.22 V                               ; 0.025 V                              ; 3.06e-10 s                  ; 3.3e-10 s                   ; Yes                        ; Yes                        ; 2.32 V                      ; 5.95e-09 V                  ; 2.38 V             ; -0.016 V           ; 0.22 V                              ; 0.025 V                             ; 3.06e-10 s                 ; 3.3e-10 s                  ; Yes                       ; Yes                       ;
; client_mac[9]   ; 2.5 V        ; 0 s                 ; 0 s                 ; 2.32 V                       ; 5.95e-09 V                   ; 2.38 V              ; -0.016 V            ; 0.22 V                               ; 0.025 V                              ; 3.06e-10 s                  ; 3.3e-10 s                   ; Yes                        ; Yes                        ; 2.32 V                      ; 5.95e-09 V                  ; 2.38 V             ; -0.016 V           ; 0.22 V                              ; 0.025 V                             ; 3.06e-10 s                 ; 3.3e-10 s                  ; Yes                       ; Yes                       ;
; client_mac[10]  ; 2.5 V        ; 0 s                 ; 0 s                 ; 2.32 V                       ; 5.95e-09 V                   ; 2.38 V              ; -0.016 V            ; 0.22 V                               ; 0.025 V                              ; 3.06e-10 s                  ; 3.3e-10 s                   ; Yes                        ; Yes                        ; 2.32 V                      ; 5.95e-09 V                  ; 2.38 V             ; -0.016 V           ; 0.22 V                              ; 0.025 V                             ; 3.06e-10 s                 ; 3.3e-10 s                  ; Yes                       ; Yes                       ;
; client_mac[11]  ; 2.5 V        ; 0 s                 ; 0 s                 ; 2.32 V                       ; 5.95e-09 V                   ; 2.38 V              ; -0.016 V            ; 0.22 V                               ; 0.025 V                              ; 3.06e-10 s                  ; 3.3e-10 s                   ; Yes                        ; Yes                        ; 2.32 V                      ; 5.95e-09 V                  ; 2.38 V             ; -0.016 V           ; 0.22 V                              ; 0.025 V                             ; 3.06e-10 s                 ; 3.3e-10 s                  ; Yes                       ; Yes                       ;
; client_mac[12]  ; 2.5 V        ; 0 s                 ; 0 s                 ; 2.32 V                       ; 4.44e-09 V                   ; 2.38 V              ; -0.0145 V           ; 0.169 V                              ; 0.026 V                              ; 4.83e-10 s                  ; 4.71e-10 s                  ; Yes                        ; Yes                        ; 2.32 V                      ; 4.44e-09 V                  ; 2.38 V             ; -0.0145 V          ; 0.169 V                             ; 0.026 V                             ; 4.83e-10 s                 ; 4.71e-10 s                 ; Yes                       ; Yes                       ;
; client_mac[13]  ; 2.5 V        ; 0 s                 ; 0 s                 ; 2.32 V                       ; 5.95e-09 V                   ; 2.33 V              ; -0.00616 V          ; 0.191 V                              ; 0.099 V                              ; 2.83e-09 s                  ; 2.56e-09 s                  ; No                         ; Yes                        ; 2.32 V                      ; 5.95e-09 V                  ; 2.33 V             ; -0.00616 V         ; 0.191 V                             ; 0.099 V                             ; 2.83e-09 s                 ; 2.56e-09 s                 ; No                        ; Yes                       ;
; client_mac[14]  ; 2.5 V        ; 0 s                 ; 0 s                 ; 2.32 V                       ; 5.95e-09 V                   ; 2.38 V              ; -0.016 V            ; 0.22 V                               ; 0.025 V                              ; 3.06e-10 s                  ; 3.3e-10 s                   ; Yes                        ; Yes                        ; 2.32 V                      ; 5.95e-09 V                  ; 2.38 V             ; -0.016 V           ; 0.22 V                              ; 0.025 V                             ; 3.06e-10 s                 ; 3.3e-10 s                  ; Yes                       ; Yes                       ;
; client_mac[15]  ; 2.5 V        ; 0 s                 ; 0 s                 ; 2.32 V                       ; 5.95e-09 V                   ; 2.38 V              ; -0.016 V            ; 0.22 V                               ; 0.025 V                              ; 3.06e-10 s                  ; 3.3e-10 s                   ; Yes                        ; Yes                        ; 2.32 V                      ; 5.95e-09 V                  ; 2.38 V             ; -0.016 V           ; 0.22 V                              ; 0.025 V                             ; 3.06e-10 s                 ; 3.3e-10 s                  ; Yes                       ; Yes                       ;
; client_mac[16]  ; 2.5 V        ; 0 s                 ; 0 s                 ; 2.32 V                       ; 5.95e-09 V                   ; 2.38 V              ; -0.016 V            ; 0.22 V                               ; 0.025 V                              ; 3.06e-10 s                  ; 3.3e-10 s                   ; Yes                        ; Yes                        ; 2.32 V                      ; 5.95e-09 V                  ; 2.38 V             ; -0.016 V           ; 0.22 V                              ; 0.025 V                             ; 3.06e-10 s                 ; 3.3e-10 s                  ; Yes                       ; Yes                       ;
; client_mac[17]  ; 2.5 V        ; 0 s                 ; 0 s                 ; 2.32 V                       ; 5.95e-09 V                   ; 2.38 V              ; -0.016 V            ; 0.22 V                               ; 0.025 V                              ; 3.06e-10 s                  ; 3.3e-10 s                   ; Yes                        ; Yes                        ; 2.32 V                      ; 5.95e-09 V                  ; 2.38 V             ; -0.016 V           ; 0.22 V                              ; 0.025 V                             ; 3.06e-10 s                 ; 3.3e-10 s                  ; Yes                       ; Yes                       ;
; client_mac[18]  ; 2.5 V        ; 0 s                 ; 0 s                 ; 2.32 V                       ; 5.95e-09 V                   ; 2.38 V              ; -0.016 V            ; 0.22 V                               ; 0.025 V                              ; 3.06e-10 s                  ; 3.3e-10 s                   ; Yes                        ; Yes                        ; 2.32 V                      ; 5.95e-09 V                  ; 2.38 V             ; -0.016 V           ; 0.22 V                              ; 0.025 V                             ; 3.06e-10 s                 ; 3.3e-10 s                  ; Yes                       ; Yes                       ;
; client_mac[19]  ; 2.5 V        ; 0 s                 ; 0 s                 ; 2.32 V                       ; 5.95e-09 V                   ; 2.38 V              ; -0.016 V            ; 0.22 V                               ; 0.025 V                              ; 3.06e-10 s                  ; 3.3e-10 s                   ; Yes                        ; Yes                        ; 2.32 V                      ; 5.95e-09 V                  ; 2.38 V             ; -0.016 V           ; 0.22 V                              ; 0.025 V                             ; 3.06e-10 s                 ; 3.3e-10 s                  ; Yes                       ; Yes                       ;
; client_mac[20]  ; 2.5 V        ; 0 s                 ; 0 s                 ; 2.32 V                       ; 5.95e-09 V                   ; 2.38 V              ; -0.016 V            ; 0.22 V                               ; 0.025 V                              ; 3.06e-10 s                  ; 3.3e-10 s                   ; Yes                        ; Yes                        ; 2.32 V                      ; 5.95e-09 V                  ; 2.38 V             ; -0.016 V           ; 0.22 V                              ; 0.025 V                             ; 3.06e-10 s                 ; 3.3e-10 s                  ; Yes                       ; Yes                       ;
; client_mac[21]  ; 2.5 V        ; 0 s                 ; 0 s                 ; 2.32 V                       ; 5.95e-09 V                   ; 2.38 V              ; -0.016 V            ; 0.22 V                               ; 0.025 V                              ; 3.06e-10 s                  ; 3.3e-10 s                   ; Yes                        ; Yes                        ; 2.32 V                      ; 5.95e-09 V                  ; 2.38 V             ; -0.016 V           ; 0.22 V                              ; 0.025 V                             ; 3.06e-10 s                 ; 3.3e-10 s                  ; Yes                       ; Yes                       ;
; client_mac[22]  ; 2.5 V        ; 0 s                 ; 0 s                 ; 2.32 V                       ; 5.95e-09 V                   ; 2.38 V              ; -0.016 V            ; 0.22 V                               ; 0.025 V                              ; 3.06e-10 s                  ; 3.3e-10 s                   ; Yes                        ; Yes                        ; 2.32 V                      ; 5.95e-09 V                  ; 2.38 V             ; -0.016 V           ; 0.22 V                              ; 0.025 V                             ; 3.06e-10 s                 ; 3.3e-10 s                  ; Yes                       ; Yes                       ;
; client_mac[23]  ; 2.5 V        ; 0 s                 ; 0 s                 ; 2.32 V                       ; 5.95e-09 V                   ; 2.38 V              ; -0.016 V            ; 0.22 V                               ; 0.025 V                              ; 3.06e-10 s                  ; 3.3e-10 s                   ; Yes                        ; Yes                        ; 2.32 V                      ; 5.95e-09 V                  ; 2.38 V             ; -0.016 V           ; 0.22 V                              ; 0.025 V                             ; 3.06e-10 s                 ; 3.3e-10 s                  ; Yes                       ; Yes                       ;
; client_mac[24]  ; 2.5 V        ; 0 s                 ; 0 s                 ; 2.32 V                       ; 4.44e-09 V                   ; 2.38 V              ; -0.0145 V           ; 0.169 V                              ; 0.026 V                              ; 4.83e-10 s                  ; 4.71e-10 s                  ; Yes                        ; Yes                        ; 2.32 V                      ; 4.44e-09 V                  ; 2.38 V             ; -0.0145 V          ; 0.169 V                             ; 0.026 V                             ; 4.83e-10 s                 ; 4.71e-10 s                 ; Yes                       ; Yes                       ;
; client_mac[25]  ; 2.5 V        ; 0 s                 ; 0 s                 ; 2.32 V                       ; 4.44e-09 V                   ; 2.38 V              ; -0.0145 V           ; 0.169 V                              ; 0.026 V                              ; 4.83e-10 s                  ; 4.71e-10 s                  ; Yes                        ; Yes                        ; 2.32 V                      ; 4.44e-09 V                  ; 2.38 V             ; -0.0145 V          ; 0.169 V                             ; 0.026 V                             ; 4.83e-10 s                 ; 4.71e-10 s                 ; Yes                       ; Yes                       ;
; client_mac[26]  ; 2.5 V        ; 0 s                 ; 0 s                 ; 2.32 V                       ; 5.95e-09 V                   ; 2.38 V              ; -0.016 V            ; 0.22 V                               ; 0.025 V                              ; 3.06e-10 s                  ; 3.3e-10 s                   ; Yes                        ; Yes                        ; 2.32 V                      ; 5.95e-09 V                  ; 2.38 V             ; -0.016 V           ; 0.22 V                              ; 0.025 V                             ; 3.06e-10 s                 ; 3.3e-10 s                  ; Yes                       ; Yes                       ;
; client_mac[27]  ; 2.5 V        ; 0 s                 ; 0 s                 ; 2.32 V                       ; 5.95e-09 V                   ; 2.38 V              ; -0.016 V            ; 0.22 V                               ; 0.025 V                              ; 3.06e-10 s                  ; 3.3e-10 s                   ; Yes                        ; Yes                        ; 2.32 V                      ; 5.95e-09 V                  ; 2.38 V             ; -0.016 V           ; 0.22 V                              ; 0.025 V                             ; 3.06e-10 s                 ; 3.3e-10 s                  ; Yes                       ; Yes                       ;
; client_mac[28]  ; 2.5 V        ; 0 s                 ; 0 s                 ; 2.32 V                       ; 5.95e-09 V                   ; 2.38 V              ; -0.016 V            ; 0.22 V                               ; 0.025 V                              ; 3.06e-10 s                  ; 3.3e-10 s                   ; Yes                        ; Yes                        ; 2.32 V                      ; 5.95e-09 V                  ; 2.38 V             ; -0.016 V           ; 0.22 V                              ; 0.025 V                             ; 3.06e-10 s                 ; 3.3e-10 s                  ; Yes                       ; Yes                       ;
; client_mac[29]  ; 2.5 V        ; 0 s                 ; 0 s                 ; 2.32 V                       ; 5.95e-09 V                   ; 2.38 V              ; -0.016 V            ; 0.22 V                               ; 0.025 V                              ; 3.06e-10 s                  ; 3.3e-10 s                   ; Yes                        ; Yes                        ; 2.32 V                      ; 5.95e-09 V                  ; 2.38 V             ; -0.016 V           ; 0.22 V                              ; 0.025 V                             ; 3.06e-10 s                 ; 3.3e-10 s                  ; Yes                       ; Yes                       ;
; client_mac[30]  ; 2.5 V        ; 0 s                 ; 0 s                 ; 2.32 V                       ; 5.95e-09 V                   ; 2.38 V              ; -0.016 V            ; 0.22 V                               ; 0.025 V                              ; 3.06e-10 s                  ; 3.3e-10 s                   ; Yes                        ; Yes                        ; 2.32 V                      ; 5.95e-09 V                  ; 2.38 V             ; -0.016 V           ; 0.22 V                              ; 0.025 V                             ; 3.06e-10 s                 ; 3.3e-10 s                  ; Yes                       ; Yes                       ;
; client_mac[31]  ; 2.5 V        ; 0 s                 ; 0 s                 ; 2.32 V                       ; 5.95e-09 V                   ; 2.38 V              ; -0.016 V            ; 0.22 V                               ; 0.025 V                              ; 3.06e-10 s                  ; 3.3e-10 s                   ; Yes                        ; Yes                        ; 2.32 V                      ; 5.95e-09 V                  ; 2.38 V             ; -0.016 V           ; 0.22 V                              ; 0.025 V                             ; 3.06e-10 s                 ; 3.3e-10 s                  ; Yes                       ; Yes                       ;
; client_mac[32]  ; 2.5 V        ; 0 s                 ; 0 s                 ; 2.32 V                       ; 5.95e-09 V                   ; 2.38 V              ; -0.016 V            ; 0.22 V                               ; 0.025 V                              ; 3.06e-10 s                  ; 3.3e-10 s                   ; Yes                        ; Yes                        ; 2.32 V                      ; 5.95e-09 V                  ; 2.38 V             ; -0.016 V           ; 0.22 V                              ; 0.025 V                             ; 3.06e-10 s                 ; 3.3e-10 s                  ; Yes                       ; Yes                       ;
; client_mac[33]  ; 2.5 V        ; 0 s                 ; 0 s                 ; 2.32 V                       ; 5.95e-09 V                   ; 2.38 V              ; -0.016 V            ; 0.22 V                               ; 0.025 V                              ; 3.06e-10 s                  ; 3.3e-10 s                   ; Yes                        ; Yes                        ; 2.32 V                      ; 5.95e-09 V                  ; 2.38 V             ; -0.016 V           ; 0.22 V                              ; 0.025 V                             ; 3.06e-10 s                 ; 3.3e-10 s                  ; Yes                       ; Yes                       ;
; client_mac[34]  ; 2.5 V        ; 0 s                 ; 0 s                 ; 2.32 V                       ; 5.95e-09 V                   ; 2.38 V              ; -0.016 V            ; 0.22 V                               ; 0.025 V                              ; 3.06e-10 s                  ; 3.3e-10 s                   ; Yes                        ; Yes                        ; 2.32 V                      ; 5.95e-09 V                  ; 2.38 V             ; -0.016 V           ; 0.22 V                              ; 0.025 V                             ; 3.06e-10 s                 ; 3.3e-10 s                  ; Yes                       ; Yes                       ;
; client_mac[35]  ; 2.5 V        ; 0 s                 ; 0 s                 ; 2.32 V                       ; 4.44e-09 V                   ; 2.38 V              ; -0.0145 V           ; 0.169 V                              ; 0.026 V                              ; 4.83e-10 s                  ; 4.71e-10 s                  ; Yes                        ; Yes                        ; 2.32 V                      ; 4.44e-09 V                  ; 2.38 V             ; -0.0145 V          ; 0.169 V                             ; 0.026 V                             ; 4.83e-10 s                 ; 4.71e-10 s                 ; Yes                       ; Yes                       ;
; client_mac[36]  ; 2.5 V        ; 0 s                 ; 0 s                 ; 2.32 V                       ; 5.95e-09 V                   ; 2.38 V              ; -0.016 V            ; 0.22 V                               ; 0.025 V                              ; 3.06e-10 s                  ; 3.3e-10 s                   ; Yes                        ; Yes                        ; 2.32 V                      ; 5.95e-09 V                  ; 2.38 V             ; -0.016 V           ; 0.22 V                              ; 0.025 V                             ; 3.06e-10 s                 ; 3.3e-10 s                  ; Yes                       ; Yes                       ;
; client_mac[37]  ; 2.5 V        ; 0 s                 ; 0 s                 ; 2.32 V                       ; 4.44e-09 V                   ; 2.39 V              ; -0.0265 V           ; 0.2 V                                ; 0.033 V                              ; 2.94e-10 s                  ; 3.12e-10 s                  ; Yes                        ; Yes                        ; 2.32 V                      ; 4.44e-09 V                  ; 2.39 V             ; -0.0265 V          ; 0.2 V                               ; 0.033 V                             ; 2.94e-10 s                 ; 3.12e-10 s                 ; Yes                       ; Yes                       ;
; client_mac[38]  ; 2.5 V        ; 0 s                 ; 0 s                 ; 2.32 V                       ; 5.95e-09 V                   ; 2.38 V              ; -0.016 V            ; 0.22 V                               ; 0.025 V                              ; 3.06e-10 s                  ; 3.3e-10 s                   ; Yes                        ; Yes                        ; 2.32 V                      ; 5.95e-09 V                  ; 2.38 V             ; -0.016 V           ; 0.22 V                              ; 0.025 V                             ; 3.06e-10 s                 ; 3.3e-10 s                  ; Yes                       ; Yes                       ;
; client_mac[39]  ; 2.5 V        ; 0 s                 ; 0 s                 ; 2.32 V                       ; 5.95e-09 V                   ; 2.38 V              ; -0.016 V            ; 0.22 V                               ; 0.025 V                              ; 3.06e-10 s                  ; 3.3e-10 s                   ; Yes                        ; Yes                        ; 2.32 V                      ; 5.95e-09 V                  ; 2.38 V             ; -0.016 V           ; 0.22 V                              ; 0.025 V                             ; 3.06e-10 s                 ; 3.3e-10 s                  ; Yes                       ; Yes                       ;
; client_mac[40]  ; 2.5 V        ; 0 s                 ; 0 s                 ; 2.32 V                       ; 5.95e-09 V                   ; 2.38 V              ; -0.016 V            ; 0.22 V                               ; 0.025 V                              ; 3.06e-10 s                  ; 3.3e-10 s                   ; Yes                        ; Yes                        ; 2.32 V                      ; 5.95e-09 V                  ; 2.38 V             ; -0.016 V           ; 0.22 V                              ; 0.025 V                             ; 3.06e-10 s                 ; 3.3e-10 s                  ; Yes                       ; Yes                       ;
; client_mac[41]  ; 2.5 V        ; 0 s                 ; 0 s                 ; 2.32 V                       ; 4.44e-09 V                   ; 2.38 V              ; -0.0145 V           ; 0.169 V                              ; 0.026 V                              ; 4.83e-10 s                  ; 4.71e-10 s                  ; Yes                        ; Yes                        ; 2.32 V                      ; 4.44e-09 V                  ; 2.38 V             ; -0.0145 V          ; 0.169 V                             ; 0.026 V                             ; 4.83e-10 s                 ; 4.71e-10 s                 ; Yes                       ; Yes                       ;
; client_mac[42]  ; 2.5 V        ; 0 s                 ; 0 s                 ; 2.32 V                       ; 5.95e-09 V                   ; 2.38 V              ; -0.016 V            ; 0.22 V                               ; 0.025 V                              ; 3.06e-10 s                  ; 3.3e-10 s                   ; Yes                        ; Yes                        ; 2.32 V                      ; 5.95e-09 V                  ; 2.38 V             ; -0.016 V           ; 0.22 V                              ; 0.025 V                             ; 3.06e-10 s                 ; 3.3e-10 s                  ; Yes                       ; Yes                       ;
; client_mac[43]  ; 2.5 V        ; 0 s                 ; 0 s                 ; 2.32 V                       ; 5.95e-09 V                   ; 2.38 V              ; -0.016 V            ; 0.22 V                               ; 0.025 V                              ; 3.06e-10 s                  ; 3.3e-10 s                   ; Yes                        ; Yes                        ; 2.32 V                      ; 5.95e-09 V                  ; 2.38 V             ; -0.016 V           ; 0.22 V                              ; 0.025 V                             ; 3.06e-10 s                 ; 3.3e-10 s                  ; Yes                       ; Yes                       ;
; client_mac[44]  ; 2.5 V        ; 0 s                 ; 0 s                 ; 2.32 V                       ; 5.95e-09 V                   ; 2.38 V              ; -0.016 V            ; 0.22 V                               ; 0.025 V                              ; 3.06e-10 s                  ; 3.3e-10 s                   ; Yes                        ; Yes                        ; 2.32 V                      ; 5.95e-09 V                  ; 2.38 V             ; -0.016 V           ; 0.22 V                              ; 0.025 V                             ; 3.06e-10 s                 ; 3.3e-10 s                  ; Yes                       ; Yes                       ;
; client_mac[45]  ; 2.5 V        ; 0 s                 ; 0 s                 ; 2.32 V                       ; 4.44e-09 V                   ; 2.38 V              ; -0.0145 V           ; 0.169 V                              ; 0.026 V                              ; 4.83e-10 s                  ; 4.71e-10 s                  ; Yes                        ; Yes                        ; 2.32 V                      ; 4.44e-09 V                  ; 2.38 V             ; -0.0145 V          ; 0.169 V                             ; 0.026 V                             ; 4.83e-10 s                 ; 4.71e-10 s                 ; Yes                       ; Yes                       ;
; client_mac[46]  ; 2.5 V        ; 0 s                 ; 0 s                 ; 2.32 V                       ; 5.95e-09 V                   ; 2.38 V              ; -0.016 V            ; 0.22 V                               ; 0.025 V                              ; 3.06e-10 s                  ; 3.3e-10 s                   ; Yes                        ; Yes                        ; 2.32 V                      ; 5.95e-09 V                  ; 2.38 V             ; -0.016 V           ; 0.22 V                              ; 0.025 V                             ; 3.06e-10 s                 ; 3.3e-10 s                  ; Yes                       ; Yes                       ;
; client_mac[47]  ; 2.5 V        ; 0 s                 ; 0 s                 ; 2.32 V                       ; 5.95e-09 V                   ; 2.38 V              ; -0.016 V            ; 0.22 V                               ; 0.025 V                              ; 3.06e-10 s                  ; 3.3e-10 s                   ; Yes                        ; Yes                        ; 2.32 V                      ; 5.95e-09 V                  ; 2.38 V             ; -0.016 V           ; 0.22 V                              ; 0.025 V                             ; 3.06e-10 s                 ; 3.3e-10 s                  ; Yes                       ; Yes                       ;
; client_ip[0]    ; 2.5 V        ; 0 s                 ; 0 s                 ; 2.32 V                       ; 5.95e-09 V                   ; 2.38 V              ; -0.016 V            ; 0.22 V                               ; 0.025 V                              ; 3.06e-10 s                  ; 3.3e-10 s                   ; Yes                        ; Yes                        ; 2.32 V                      ; 5.95e-09 V                  ; 2.38 V             ; -0.016 V           ; 0.22 V                              ; 0.025 V                             ; 3.06e-10 s                 ; 3.3e-10 s                  ; Yes                       ; Yes                       ;
; client_ip[1]    ; 2.5 V        ; 0 s                 ; 0 s                 ; 2.32 V                       ; 4.44e-09 V                   ; 2.38 V              ; -0.0145 V           ; 0.169 V                              ; 0.026 V                              ; 4.83e-10 s                  ; 4.71e-10 s                  ; Yes                        ; Yes                        ; 2.32 V                      ; 4.44e-09 V                  ; 2.38 V             ; -0.0145 V          ; 0.169 V                             ; 0.026 V                             ; 4.83e-10 s                 ; 4.71e-10 s                 ; Yes                       ; Yes                       ;
; client_ip[2]    ; 2.5 V        ; 0 s                 ; 0 s                 ; 2.32 V                       ; 4.44e-09 V                   ; 2.38 V              ; -0.0145 V           ; 0.169 V                              ; 0.026 V                              ; 4.83e-10 s                  ; 4.71e-10 s                  ; Yes                        ; Yes                        ; 2.32 V                      ; 4.44e-09 V                  ; 2.38 V             ; -0.0145 V          ; 0.169 V                             ; 0.026 V                             ; 4.83e-10 s                 ; 4.71e-10 s                 ; Yes                       ; Yes                       ;
; client_ip[3]    ; 2.5 V        ; 0 s                 ; 0 s                 ; 2.32 V                       ; 4.44e-09 V                   ; 2.38 V              ; -0.0145 V           ; 0.169 V                              ; 0.026 V                              ; 4.83e-10 s                  ; 4.71e-10 s                  ; Yes                        ; Yes                        ; 2.32 V                      ; 4.44e-09 V                  ; 2.38 V             ; -0.0145 V          ; 0.169 V                             ; 0.026 V                             ; 4.83e-10 s                 ; 4.71e-10 s                 ; Yes                       ; Yes                       ;
; client_ip[4]    ; 2.5 V        ; 0 s                 ; 0 s                 ; 2.32 V                       ; 5.95e-09 V                   ; 2.38 V              ; -0.016 V            ; 0.22 V                               ; 0.025 V                              ; 3.06e-10 s                  ; 3.3e-10 s                   ; Yes                        ; Yes                        ; 2.32 V                      ; 5.95e-09 V                  ; 2.38 V             ; -0.016 V           ; 0.22 V                              ; 0.025 V                             ; 3.06e-10 s                 ; 3.3e-10 s                  ; Yes                       ; Yes                       ;
; client_ip[5]    ; 2.5 V        ; 0 s                 ; 0 s                 ; 2.32 V                       ; 5.95e-09 V                   ; 2.38 V              ; -0.016 V            ; 0.22 V                               ; 0.025 V                              ; 3.06e-10 s                  ; 3.3e-10 s                   ; Yes                        ; Yes                        ; 2.32 V                      ; 5.95e-09 V                  ; 2.38 V             ; -0.016 V           ; 0.22 V                              ; 0.025 V                             ; 3.06e-10 s                 ; 3.3e-10 s                  ; Yes                       ; Yes                       ;
; client_ip[6]    ; 2.5 V        ; 0 s                 ; 0 s                 ; 2.32 V                       ; 5.95e-09 V                   ; 2.38 V              ; -0.016 V            ; 0.22 V                               ; 0.025 V                              ; 3.06e-10 s                  ; 3.3e-10 s                   ; Yes                        ; Yes                        ; 2.32 V                      ; 5.95e-09 V                  ; 2.38 V             ; -0.016 V           ; 0.22 V                              ; 0.025 V                             ; 3.06e-10 s                 ; 3.3e-10 s                  ; Yes                       ; Yes                       ;
; client_ip[7]    ; 2.5 V        ; 0 s                 ; 0 s                 ; 2.32 V                       ; 4.44e-09 V                   ; 2.39 V              ; -0.0265 V           ; 0.2 V                                ; 0.033 V                              ; 2.94e-10 s                  ; 3.12e-10 s                  ; Yes                        ; Yes                        ; 2.32 V                      ; 4.44e-09 V                  ; 2.39 V             ; -0.0265 V          ; 0.2 V                               ; 0.033 V                             ; 2.94e-10 s                 ; 3.12e-10 s                 ; Yes                       ; Yes                       ;
; client_ip[8]    ; 2.5 V        ; 0 s                 ; 0 s                 ; 2.32 V                       ; 5.95e-09 V                   ; 2.38 V              ; -0.016 V            ; 0.22 V                               ; 0.025 V                              ; 3.06e-10 s                  ; 3.3e-10 s                   ; Yes                        ; Yes                        ; 2.32 V                      ; 5.95e-09 V                  ; 2.38 V             ; -0.016 V           ; 0.22 V                              ; 0.025 V                             ; 3.06e-10 s                 ; 3.3e-10 s                  ; Yes                       ; Yes                       ;
; client_ip[9]    ; 2.5 V        ; 0 s                 ; 0 s                 ; 2.32 V                       ; 4.44e-09 V                   ; 2.38 V              ; -0.0145 V           ; 0.169 V                              ; 0.026 V                              ; 4.83e-10 s                  ; 4.71e-10 s                  ; Yes                        ; Yes                        ; 2.32 V                      ; 4.44e-09 V                  ; 2.38 V             ; -0.0145 V          ; 0.169 V                             ; 0.026 V                             ; 4.83e-10 s                 ; 4.71e-10 s                 ; Yes                       ; Yes                       ;
; client_ip[10]   ; 2.5 V        ; 0 s                 ; 0 s                 ; 2.32 V                       ; 5.95e-09 V                   ; 2.38 V              ; -0.016 V            ; 0.22 V                               ; 0.025 V                              ; 3.06e-10 s                  ; 3.3e-10 s                   ; Yes                        ; Yes                        ; 2.32 V                      ; 5.95e-09 V                  ; 2.38 V             ; -0.016 V           ; 0.22 V                              ; 0.025 V                             ; 3.06e-10 s                 ; 3.3e-10 s                  ; Yes                       ; Yes                       ;
; client_ip[11]   ; 2.5 V        ; 0 s                 ; 0 s                 ; 2.32 V                       ; 5.95e-09 V                   ; 2.38 V              ; -0.016 V            ; 0.22 V                               ; 0.025 V                              ; 3.06e-10 s                  ; 3.3e-10 s                   ; Yes                        ; Yes                        ; 2.32 V                      ; 5.95e-09 V                  ; 2.38 V             ; -0.016 V           ; 0.22 V                              ; 0.025 V                             ; 3.06e-10 s                 ; 3.3e-10 s                  ; Yes                       ; Yes                       ;
; client_ip[12]   ; 2.5 V        ; 0 s                 ; 0 s                 ; 2.32 V                       ; 4.44e-09 V                   ; 2.39 V              ; -0.0265 V           ; 0.2 V                                ; 0.033 V                              ; 2.94e-10 s                  ; 3.12e-10 s                  ; Yes                        ; Yes                        ; 2.32 V                      ; 4.44e-09 V                  ; 2.39 V             ; -0.0265 V          ; 0.2 V                               ; 0.033 V                             ; 2.94e-10 s                 ; 3.12e-10 s                 ; Yes                       ; Yes                       ;
; client_ip[13]   ; 2.5 V        ; 0 s                 ; 0 s                 ; 2.32 V                       ; 4.44e-09 V                   ; 2.39 V              ; -0.0265 V           ; 0.2 V                                ; 0.033 V                              ; 2.94e-10 s                  ; 3.12e-10 s                  ; Yes                        ; Yes                        ; 2.32 V                      ; 4.44e-09 V                  ; 2.39 V             ; -0.0265 V          ; 0.2 V                               ; 0.033 V                             ; 2.94e-10 s                 ; 3.12e-10 s                 ; Yes                       ; Yes                       ;
; client_ip[14]   ; 2.5 V        ; 0 s                 ; 0 s                 ; 2.32 V                       ; 4.44e-09 V                   ; 2.33 V              ; -0.00624 V          ; 0.185 V                              ; 0.097 V                              ; 2.82e-09 s                  ; 2.56e-09 s                  ; No                         ; Yes                        ; 2.32 V                      ; 4.44e-09 V                  ; 2.33 V             ; -0.00624 V         ; 0.185 V                             ; 0.097 V                             ; 2.82e-09 s                 ; 2.56e-09 s                 ; No                        ; Yes                       ;
; client_ip[15]   ; 2.5 V        ; 0 s                 ; 0 s                 ; 2.32 V                       ; 4.44e-09 V                   ; 2.39 V              ; -0.0265 V           ; 0.2 V                                ; 0.033 V                              ; 2.94e-10 s                  ; 3.12e-10 s                  ; Yes                        ; Yes                        ; 2.32 V                      ; 4.44e-09 V                  ; 2.39 V             ; -0.0265 V          ; 0.2 V                               ; 0.033 V                             ; 2.94e-10 s                 ; 3.12e-10 s                 ; Yes                       ; Yes                       ;
; client_ip[16]   ; 2.5 V        ; 0 s                 ; 0 s                 ; 2.32 V                       ; 4.44e-09 V                   ; 2.38 V              ; -0.0145 V           ; 0.169 V                              ; 0.026 V                              ; 4.83e-10 s                  ; 4.71e-10 s                  ; Yes                        ; Yes                        ; 2.32 V                      ; 4.44e-09 V                  ; 2.38 V             ; -0.0145 V          ; 0.169 V                             ; 0.026 V                             ; 4.83e-10 s                 ; 4.71e-10 s                 ; Yes                       ; Yes                       ;
; client_ip[17]   ; 2.5 V        ; 0 s                 ; 0 s                 ; 2.32 V                       ; 5.95e-09 V                   ; 2.38 V              ; -0.016 V            ; 0.22 V                               ; 0.025 V                              ; 3.06e-10 s                  ; 3.3e-10 s                   ; Yes                        ; Yes                        ; 2.32 V                      ; 5.95e-09 V                  ; 2.38 V             ; -0.016 V           ; 0.22 V                              ; 0.025 V                             ; 3.06e-10 s                 ; 3.3e-10 s                  ; Yes                       ; Yes                       ;
; client_ip[18]   ; 2.5 V        ; 0 s                 ; 0 s                 ; 2.32 V                       ; 5.95e-09 V                   ; 2.38 V              ; -0.016 V            ; 0.22 V                               ; 0.025 V                              ; 3.06e-10 s                  ; 3.3e-10 s                   ; Yes                        ; Yes                        ; 2.32 V                      ; 5.95e-09 V                  ; 2.38 V             ; -0.016 V           ; 0.22 V                              ; 0.025 V                             ; 3.06e-10 s                 ; 3.3e-10 s                  ; Yes                       ; Yes                       ;
; client_ip[19]   ; 2.5 V        ; 0 s                 ; 0 s                 ; 2.32 V                       ; 5.95e-09 V                   ; 2.38 V              ; -0.016 V            ; 0.22 V                               ; 0.025 V                              ; 3.06e-10 s                  ; 3.3e-10 s                   ; Yes                        ; Yes                        ; 2.32 V                      ; 5.95e-09 V                  ; 2.38 V             ; -0.016 V           ; 0.22 V                              ; 0.025 V                             ; 3.06e-10 s                 ; 3.3e-10 s                  ; Yes                       ; Yes                       ;
; client_ip[20]   ; 2.5 V        ; 0 s                 ; 0 s                 ; 2.32 V                       ; 4.44e-09 V                   ; 2.33 V              ; -0.00624 V          ; 0.185 V                              ; 0.097 V                              ; 2.82e-09 s                  ; 2.56e-09 s                  ; No                         ; Yes                        ; 2.32 V                      ; 4.44e-09 V                  ; 2.33 V             ; -0.00624 V         ; 0.185 V                             ; 0.097 V                             ; 2.82e-09 s                 ; 2.56e-09 s                 ; No                        ; Yes                       ;
; client_ip[21]   ; 2.5 V        ; 0 s                 ; 0 s                 ; 2.32 V                       ; 5.95e-09 V                   ; 2.38 V              ; -0.016 V            ; 0.22 V                               ; 0.025 V                              ; 3.06e-10 s                  ; 3.3e-10 s                   ; Yes                        ; Yes                        ; 2.32 V                      ; 5.95e-09 V                  ; 2.38 V             ; -0.016 V           ; 0.22 V                              ; 0.025 V                             ; 3.06e-10 s                 ; 3.3e-10 s                  ; Yes                       ; Yes                       ;
; client_ip[22]   ; 2.5 V        ; 0 s                 ; 0 s                 ; 2.32 V                       ; 5.95e-09 V                   ; 2.38 V              ; -0.016 V            ; 0.22 V                               ; 0.025 V                              ; 3.06e-10 s                  ; 3.3e-10 s                   ; Yes                        ; Yes                        ; 2.32 V                      ; 5.95e-09 V                  ; 2.38 V             ; -0.016 V           ; 0.22 V                              ; 0.025 V                             ; 3.06e-10 s                 ; 3.3e-10 s                  ; Yes                       ; Yes                       ;
; client_ip[23]   ; 2.5 V        ; 0 s                 ; 0 s                 ; 2.32 V                       ; 4.44e-09 V                   ; 2.38 V              ; -0.0145 V           ; 0.169 V                              ; 0.026 V                              ; 4.83e-10 s                  ; 4.71e-10 s                  ; Yes                        ; Yes                        ; 2.32 V                      ; 4.44e-09 V                  ; 2.38 V             ; -0.0145 V          ; 0.169 V                             ; 0.026 V                             ; 4.83e-10 s                 ; 4.71e-10 s                 ; Yes                       ; Yes                       ;
; client_ip[24]   ; 2.5 V        ; 0 s                 ; 0 s                 ; 2.32 V                       ; 4.44e-09 V                   ; 2.38 V              ; -0.0145 V           ; 0.169 V                              ; 0.026 V                              ; 4.83e-10 s                  ; 4.71e-10 s                  ; Yes                        ; Yes                        ; 2.32 V                      ; 4.44e-09 V                  ; 2.38 V             ; -0.0145 V          ; 0.169 V                             ; 0.026 V                             ; 4.83e-10 s                 ; 4.71e-10 s                 ; Yes                       ; Yes                       ;
; client_ip[25]   ; 2.5 V        ; 0 s                 ; 0 s                 ; 2.32 V                       ; 5.95e-09 V                   ; 2.38 V              ; -0.016 V            ; 0.22 V                               ; 0.025 V                              ; 3.06e-10 s                  ; 3.3e-10 s                   ; Yes                        ; Yes                        ; 2.32 V                      ; 5.95e-09 V                  ; 2.38 V             ; -0.016 V           ; 0.22 V                              ; 0.025 V                             ; 3.06e-10 s                 ; 3.3e-10 s                  ; Yes                       ; Yes                       ;
; client_ip[26]   ; 2.5 V        ; 0 s                 ; 0 s                 ; 2.32 V                       ; 5.95e-09 V                   ; 2.33 V              ; -0.00616 V          ; 0.191 V                              ; 0.099 V                              ; 2.83e-09 s                  ; 2.56e-09 s                  ; No                         ; Yes                        ; 2.32 V                      ; 5.95e-09 V                  ; 2.33 V             ; -0.00616 V         ; 0.191 V                             ; 0.099 V                             ; 2.83e-09 s                 ; 2.56e-09 s                 ; No                        ; Yes                       ;
; client_ip[27]   ; 2.5 V        ; 0 s                 ; 0 s                 ; 2.32 V                       ; 5.95e-09 V                   ; 2.38 V              ; -0.016 V            ; 0.22 V                               ; 0.025 V                              ; 3.06e-10 s                  ; 3.3e-10 s                   ; Yes                        ; Yes                        ; 2.32 V                      ; 5.95e-09 V                  ; 2.38 V             ; -0.016 V           ; 0.22 V                              ; 0.025 V                             ; 3.06e-10 s                 ; 3.3e-10 s                  ; Yes                       ; Yes                       ;
; client_ip[28]   ; 2.5 V        ; 0 s                 ; 0 s                 ; 2.32 V                       ; 4.44e-09 V                   ; 2.38 V              ; -0.0145 V           ; 0.169 V                              ; 0.026 V                              ; 4.83e-10 s                  ; 4.71e-10 s                  ; Yes                        ; Yes                        ; 2.32 V                      ; 4.44e-09 V                  ; 2.38 V             ; -0.0145 V          ; 0.169 V                             ; 0.026 V                             ; 4.83e-10 s                 ; 4.71e-10 s                 ; Yes                       ; Yes                       ;
; client_ip[29]   ; 2.5 V        ; 0 s                 ; 0 s                 ; 2.32 V                       ; 5.95e-09 V                   ; 2.38 V              ; -0.016 V            ; 0.22 V                               ; 0.025 V                              ; 3.06e-10 s                  ; 3.3e-10 s                   ; Yes                        ; Yes                        ; 2.32 V                      ; 5.95e-09 V                  ; 2.38 V             ; -0.016 V           ; 0.22 V                              ; 0.025 V                             ; 3.06e-10 s                 ; 3.3e-10 s                  ; Yes                       ; Yes                       ;
; client_ip[30]   ; 2.5 V        ; 0 s                 ; 0 s                 ; 2.32 V                       ; 5.95e-09 V                   ; 2.38 V              ; -0.016 V            ; 0.22 V                               ; 0.025 V                              ; 3.06e-10 s                  ; 3.3e-10 s                   ; Yes                        ; Yes                        ; 2.32 V                      ; 5.95e-09 V                  ; 2.38 V             ; -0.016 V           ; 0.22 V                              ; 0.025 V                             ; 3.06e-10 s                 ; 3.3e-10 s                  ; Yes                       ; Yes                       ;
; client_ip[31]   ; 2.5 V        ; 0 s                 ; 0 s                 ; 2.32 V                       ; 4.44e-09 V                   ; 2.38 V              ; -0.0145 V           ; 0.169 V                              ; 0.026 V                              ; 4.83e-10 s                  ; 4.71e-10 s                  ; Yes                        ; Yes                        ; 2.32 V                      ; 4.44e-09 V                  ; 2.38 V             ; -0.0145 V          ; 0.169 V                             ; 0.026 V                             ; 4.83e-10 s                 ; 4.71e-10 s                 ; Yes                       ; Yes                       ;
; client_port[0]  ; 2.5 V        ; 0 s                 ; 0 s                 ; 2.32 V                       ; 5.95e-09 V                   ; 2.38 V              ; -0.016 V            ; 0.22 V                               ; 0.025 V                              ; 3.06e-10 s                  ; 3.3e-10 s                   ; Yes                        ; Yes                        ; 2.32 V                      ; 5.95e-09 V                  ; 2.38 V             ; -0.016 V           ; 0.22 V                              ; 0.025 V                             ; 3.06e-10 s                 ; 3.3e-10 s                  ; Yes                       ; Yes                       ;
; client_port[1]  ; 2.5 V        ; 0 s                 ; 0 s                 ; 2.32 V                       ; 5.95e-09 V                   ; 2.33 V              ; -0.00616 V          ; 0.191 V                              ; 0.099 V                              ; 2.83e-09 s                  ; 2.56e-09 s                  ; No                         ; Yes                        ; 2.32 V                      ; 5.95e-09 V                  ; 2.33 V             ; -0.00616 V         ; 0.191 V                             ; 0.099 V                             ; 2.83e-09 s                 ; 2.56e-09 s                 ; No                        ; Yes                       ;
; client_port[2]  ; 2.5 V        ; 0 s                 ; 0 s                 ; 2.32 V                       ; 5.95e-09 V                   ; 2.38 V              ; -0.016 V            ; 0.22 V                               ; 0.025 V                              ; 3.06e-10 s                  ; 3.3e-10 s                   ; Yes                        ; Yes                        ; 2.32 V                      ; 5.95e-09 V                  ; 2.38 V             ; -0.016 V           ; 0.22 V                              ; 0.025 V                             ; 3.06e-10 s                 ; 3.3e-10 s                  ; Yes                       ; Yes                       ;
; client_port[3]  ; 2.5 V        ; 0 s                 ; 0 s                 ; 2.32 V                       ; 4.44e-09 V                   ; 2.38 V              ; -0.0145 V           ; 0.169 V                              ; 0.026 V                              ; 4.83e-10 s                  ; 4.71e-10 s                  ; Yes                        ; Yes                        ; 2.32 V                      ; 4.44e-09 V                  ; 2.38 V             ; -0.0145 V          ; 0.169 V                             ; 0.026 V                             ; 4.83e-10 s                 ; 4.71e-10 s                 ; Yes                       ; Yes                       ;
; client_port[4]  ; 2.5 V        ; 0 s                 ; 0 s                 ; 2.32 V                       ; 5.95e-09 V                   ; 2.38 V              ; -0.016 V            ; 0.22 V                               ; 0.025 V                              ; 3.06e-10 s                  ; 3.3e-10 s                   ; Yes                        ; Yes                        ; 2.32 V                      ; 5.95e-09 V                  ; 2.38 V             ; -0.016 V           ; 0.22 V                              ; 0.025 V                             ; 3.06e-10 s                 ; 3.3e-10 s                  ; Yes                       ; Yes                       ;
; client_port[5]  ; 2.5 V        ; 0 s                 ; 0 s                 ; 2.32 V                       ; 5.95e-09 V                   ; 2.38 V              ; -0.016 V            ; 0.22 V                               ; 0.025 V                              ; 3.06e-10 s                  ; 3.3e-10 s                   ; Yes                        ; Yes                        ; 2.32 V                      ; 5.95e-09 V                  ; 2.38 V             ; -0.016 V           ; 0.22 V                              ; 0.025 V                             ; 3.06e-10 s                 ; 3.3e-10 s                  ; Yes                       ; Yes                       ;
; client_port[6]  ; 2.5 V        ; 0 s                 ; 0 s                 ; 2.32 V                       ; 4.44e-09 V                   ; 2.38 V              ; -0.0145 V           ; 0.169 V                              ; 0.026 V                              ; 4.83e-10 s                  ; 4.71e-10 s                  ; Yes                        ; Yes                        ; 2.32 V                      ; 4.44e-09 V                  ; 2.38 V             ; -0.0145 V          ; 0.169 V                             ; 0.026 V                             ; 4.83e-10 s                 ; 4.71e-10 s                 ; Yes                       ; Yes                       ;
; client_port[7]  ; 2.5 V        ; 0 s                 ; 0 s                 ; 2.32 V                       ; 4.44e-09 V                   ; 2.39 V              ; -0.0265 V           ; 0.2 V                                ; 0.033 V                              ; 2.94e-10 s                  ; 3.12e-10 s                  ; Yes                        ; Yes                        ; 2.32 V                      ; 4.44e-09 V                  ; 2.39 V             ; -0.0265 V          ; 0.2 V                               ; 0.033 V                             ; 2.94e-10 s                 ; 3.12e-10 s                 ; Yes                       ; Yes                       ;
; client_port[8]  ; 2.5 V        ; 0 s                 ; 0 s                 ; 2.32 V                       ; 5.95e-09 V                   ; 2.38 V              ; -0.016 V            ; 0.22 V                               ; 0.025 V                              ; 3.06e-10 s                  ; 3.3e-10 s                   ; Yes                        ; Yes                        ; 2.32 V                      ; 5.95e-09 V                  ; 2.38 V             ; -0.016 V           ; 0.22 V                              ; 0.025 V                             ; 3.06e-10 s                 ; 3.3e-10 s                  ; Yes                       ; Yes                       ;
; client_port[9]  ; 2.5 V        ; 0 s                 ; 0 s                 ; 2.32 V                       ; 4.44e-09 V                   ; 2.38 V              ; -0.0145 V           ; 0.169 V                              ; 0.026 V                              ; 4.83e-10 s                  ; 4.71e-10 s                  ; Yes                        ; Yes                        ; 2.32 V                      ; 4.44e-09 V                  ; 2.38 V             ; -0.0145 V          ; 0.169 V                             ; 0.026 V                             ; 4.83e-10 s                 ; 4.71e-10 s                 ; Yes                       ; Yes                       ;
; client_port[10] ; 2.5 V        ; 0 s                 ; 0 s                 ; 2.32 V                       ; 5.95e-09 V                   ; 2.38 V              ; -0.016 V            ; 0.22 V                               ; 0.025 V                              ; 3.06e-10 s                  ; 3.3e-10 s                   ; Yes                        ; Yes                        ; 2.32 V                      ; 5.95e-09 V                  ; 2.38 V             ; -0.016 V           ; 0.22 V                              ; 0.025 V                             ; 3.06e-10 s                 ; 3.3e-10 s                  ; Yes                       ; Yes                       ;
; client_port[11] ; 2.5 V        ; 0 s                 ; 0 s                 ; 2.32 V                       ; 4.44e-09 V                   ; 2.38 V              ; -0.0145 V           ; 0.169 V                              ; 0.026 V                              ; 4.83e-10 s                  ; 4.71e-10 s                  ; Yes                        ; Yes                        ; 2.32 V                      ; 4.44e-09 V                  ; 2.38 V             ; -0.0145 V          ; 0.169 V                             ; 0.026 V                             ; 4.83e-10 s                 ; 4.71e-10 s                 ; Yes                       ; Yes                       ;
; client_port[12] ; 2.5 V        ; 0 s                 ; 0 s                 ; 2.32 V                       ; 5.95e-09 V                   ; 2.38 V              ; -0.016 V            ; 0.22 V                               ; 0.025 V                              ; 3.06e-10 s                  ; 3.3e-10 s                   ; Yes                        ; Yes                        ; 2.32 V                      ; 5.95e-09 V                  ; 2.38 V             ; -0.016 V           ; 0.22 V                              ; 0.025 V                             ; 3.06e-10 s                 ; 3.3e-10 s                  ; Yes                       ; Yes                       ;
; client_port[13] ; 2.5 V        ; 0 s                 ; 0 s                 ; 2.32 V                       ; 5.95e-09 V                   ; 2.38 V              ; -0.016 V            ; 0.22 V                               ; 0.025 V                              ; 3.06e-10 s                  ; 3.3e-10 s                   ; Yes                        ; Yes                        ; 2.32 V                      ; 5.95e-09 V                  ; 2.38 V             ; -0.016 V           ; 0.22 V                              ; 0.025 V                             ; 3.06e-10 s                 ; 3.3e-10 s                  ; Yes                       ; Yes                       ;
; client_port[14] ; 2.5 V        ; 0 s                 ; 0 s                 ; 2.32 V                       ; 5.95e-09 V                   ; 2.38 V              ; -0.016 V            ; 0.22 V                               ; 0.025 V                              ; 3.06e-10 s                  ; 3.3e-10 s                   ; Yes                        ; Yes                        ; 2.32 V                      ; 5.95e-09 V                  ; 2.38 V             ; -0.016 V           ; 0.22 V                              ; 0.025 V                             ; 3.06e-10 s                 ; 3.3e-10 s                  ; Yes                       ; Yes                       ;
; client_port[15] ; 2.5 V        ; 0 s                 ; 0 s                 ; 2.32 V                       ; 5.95e-09 V                   ; 2.38 V              ; -0.016 V            ; 0.22 V                               ; 0.025 V                              ; 3.06e-10 s                  ; 3.3e-10 s                   ; Yes                        ; Yes                        ; 2.32 V                      ; 5.95e-09 V                  ; 2.38 V             ; -0.016 V           ; 0.22 V                              ; 0.025 V                             ; 3.06e-10 s                 ; 3.3e-10 s                  ; Yes                       ; Yes                       ;
; in_ready        ; 2.5 V        ; 0 s                 ; 0 s                 ; 2.32 V                       ; 4.44e-09 V                   ; 2.39 V              ; -0.0265 V           ; 0.2 V                                ; 0.033 V                              ; 2.94e-10 s                  ; 3.12e-10 s                  ; Yes                        ; Yes                        ; 2.32 V                      ; 4.44e-09 V                  ; 2.39 V             ; -0.0265 V          ; 0.2 V                               ; 0.033 V                             ; 2.94e-10 s                 ; 3.12e-10 s                 ; Yes                       ; Yes                       ;
; out_data[0]     ; 2.5 V        ; 0 s                 ; 0 s                 ; 2.32 V                       ; 4.44e-09 V                   ; 2.39 V              ; -0.0265 V           ; 0.2 V                                ; 0.033 V                              ; 2.94e-10 s                  ; 3.12e-10 s                  ; Yes                        ; Yes                        ; 2.32 V                      ; 4.44e-09 V                  ; 2.39 V             ; -0.0265 V          ; 0.2 V                               ; 0.033 V                             ; 2.94e-10 s                 ; 3.12e-10 s                 ; Yes                       ; Yes                       ;
; out_data[1]     ; 2.5 V        ; 0 s                 ; 0 s                 ; 2.32 V                       ; 5.95e-09 V                   ; 2.38 V              ; -0.016 V            ; 0.22 V                               ; 0.025 V                              ; 3.06e-10 s                  ; 3.3e-10 s                   ; Yes                        ; Yes                        ; 2.32 V                      ; 5.95e-09 V                  ; 2.38 V             ; -0.016 V           ; 0.22 V                              ; 0.025 V                             ; 3.06e-10 s                 ; 3.3e-10 s                  ; Yes                       ; Yes                       ;
; out_data[2]     ; 2.5 V        ; 0 s                 ; 0 s                 ; 2.32 V                       ; 5.95e-09 V                   ; 2.38 V              ; -0.016 V            ; 0.22 V                               ; 0.025 V                              ; 3.06e-10 s                  ; 3.3e-10 s                   ; Yes                        ; Yes                        ; 2.32 V                      ; 5.95e-09 V                  ; 2.38 V             ; -0.016 V           ; 0.22 V                              ; 0.025 V                             ; 3.06e-10 s                 ; 3.3e-10 s                  ; Yes                       ; Yes                       ;
; out_data[3]     ; 2.5 V        ; 0 s                 ; 0 s                 ; 2.32 V                       ; 4.44e-09 V                   ; 2.33 V              ; -0.00624 V          ; 0.185 V                              ; 0.097 V                              ; 2.82e-09 s                  ; 2.56e-09 s                  ; No                         ; Yes                        ; 2.32 V                      ; 4.44e-09 V                  ; 2.33 V             ; -0.00624 V         ; 0.185 V                             ; 0.097 V                             ; 2.82e-09 s                 ; 2.56e-09 s                 ; No                        ; Yes                       ;
; out_data[4]     ; 2.5 V        ; 0 s                 ; 0 s                 ; 2.32 V                       ; 5.95e-09 V                   ; 2.38 V              ; -0.016 V            ; 0.22 V                               ; 0.025 V                              ; 3.06e-10 s                  ; 3.3e-10 s                   ; Yes                        ; Yes                        ; 2.32 V                      ; 5.95e-09 V                  ; 2.38 V             ; -0.016 V           ; 0.22 V                              ; 0.025 V                             ; 3.06e-10 s                 ; 3.3e-10 s                  ; Yes                       ; Yes                       ;
; out_data[5]     ; 2.5 V        ; 0 s                 ; 0 s                 ; 2.32 V                       ; 5.95e-09 V                   ; 2.38 V              ; -0.016 V            ; 0.22 V                               ; 0.025 V                              ; 3.06e-10 s                  ; 3.3e-10 s                   ; Yes                        ; Yes                        ; 2.32 V                      ; 5.95e-09 V                  ; 2.38 V             ; -0.016 V           ; 0.22 V                              ; 0.025 V                             ; 3.06e-10 s                 ; 3.3e-10 s                  ; Yes                       ; Yes                       ;
; out_data[6]     ; 2.5 V        ; 0 s                 ; 0 s                 ; 2.32 V                       ; 5.95e-09 V                   ; 2.38 V              ; -0.016 V            ; 0.22 V                               ; 0.025 V                              ; 3.06e-10 s                  ; 3.3e-10 s                   ; Yes                        ; Yes                        ; 2.32 V                      ; 5.95e-09 V                  ; 2.38 V             ; -0.016 V           ; 0.22 V                              ; 0.025 V                             ; 3.06e-10 s                 ; 3.3e-10 s                  ; Yes                       ; Yes                       ;
; out_data[7]     ; 2.5 V        ; 0 s                 ; 0 s                 ; 2.32 V                       ; 5.95e-09 V                   ; 2.38 V              ; -0.016 V            ; 0.22 V                               ; 0.025 V                              ; 3.06e-10 s                  ; 3.3e-10 s                   ; Yes                        ; Yes                        ; 2.32 V                      ; 5.95e-09 V                  ; 2.38 V             ; -0.016 V           ; 0.22 V                              ; 0.025 V                             ; 3.06e-10 s                 ; 3.3e-10 s                  ; Yes                       ; Yes                       ;
; out_valid       ; 2.5 V        ; 0 s                 ; 0 s                 ; 2.32 V                       ; 4.44e-09 V                   ; 2.39 V              ; -0.0265 V           ; 0.2 V                                ; 0.033 V                              ; 2.94e-10 s                  ; 3.12e-10 s                  ; Yes                        ; Yes                        ; 2.32 V                      ; 4.44e-09 V                  ; 2.39 V             ; -0.0265 V          ; 0.2 V                               ; 0.033 V                             ; 2.94e-10 s                 ; 3.12e-10 s                 ; Yes                       ; Yes                       ;
; out_sop         ; 2.5 V        ; 0 s                 ; 0 s                 ; 2.32 V                       ; 4.44e-09 V                   ; 2.38 V              ; -0.0145 V           ; 0.169 V                              ; 0.026 V                              ; 4.83e-10 s                  ; 4.71e-10 s                  ; Yes                        ; Yes                        ; 2.32 V                      ; 4.44e-09 V                  ; 2.38 V             ; -0.0145 V          ; 0.169 V                             ; 0.026 V                             ; 4.83e-10 s                 ; 4.71e-10 s                 ; Yes                       ; Yes                       ;
; out_eop         ; 2.5 V        ; 0 s                 ; 0 s                 ; 2.32 V                       ; 4.44e-09 V                   ; 2.39 V              ; -0.0265 V           ; 0.2 V                                ; 0.033 V                              ; 2.94e-10 s                  ; 3.12e-10 s                  ; Yes                        ; Yes                        ; 2.32 V                      ; 4.44e-09 V                  ; 2.39 V             ; -0.0265 V          ; 0.2 V                               ; 0.033 V                             ; 2.94e-10 s                 ; 3.12e-10 s                 ; Yes                       ; Yes                       ;
; ~ALTERA_DCLK~   ; 2.5 V        ; 0 s                 ; 0 s                 ; 2.32 V                       ; 3.45e-09 V                   ; 2.38 V              ; -0.0609 V           ; 0.148 V                              ; 0.095 V                              ; 2.82e-10 s                  ; 2.59e-10 s                  ; Yes                        ; Yes                        ; 2.32 V                      ; 3.45e-09 V                  ; 2.38 V             ; -0.0609 V          ; 0.148 V                             ; 0.095 V                             ; 2.82e-10 s                 ; 2.59e-10 s                 ; Yes                       ; Yes                       ;
; ~ALTERA_nCEO~   ; 2.5 V        ; 0 s                 ; 0 s                 ; 2.32 V                       ; 5.61e-09 V                   ; 2.38 V              ; -0.00274 V          ; 0.141 V                              ; 0.006 V                              ; 4.7e-10 s                   ; 6.02e-10 s                  ; Yes                        ; Yes                        ; 2.32 V                      ; 5.61e-09 V                  ; 2.38 V             ; -0.00274 V         ; 0.141 V                             ; 0.006 V                             ; 4.7e-10 s                  ; 6.02e-10 s                 ; Yes                       ; Yes                       ;
+-----------------+--------------+---------------------+---------------------+------------------------------+------------------------------+---------------------+---------------------+--------------------------------------+--------------------------------------+-----------------------------+-----------------------------+----------------------------+----------------------------+-----------------------------+-----------------------------+--------------------+--------------------+-------------------------------------+-------------------------------------+----------------------------+----------------------------+---------------------------+---------------------------+


+----------------------------------------------------------------------------------------------------------------------------------------------------------------------------------------------------------------------------------------------------------------------------------------------------------------------------------------------------------------------------------------------------------------------------------------------------------------------------------------------------------------------------------------------------------------------------------------------------------------------------------------------------------------------------------------------+
; Signal Integrity Metrics (Slow 1200mv 85c Model)                                                                                                                                                                                                                                                                                                                                                                                                                                                                                                                                                                                                                                             ;
+-----------------+--------------+---------------------+---------------------+------------------------------+------------------------------+---------------------+---------------------+--------------------------------------+--------------------------------------+-----------------------------+-----------------------------+----------------------------+----------------------------+-----------------------------+-----------------------------+--------------------+--------------------+-------------------------------------+-------------------------------------+----------------------------+----------------------------+---------------------------+---------------------------+
; Pin             ; I/O Standard ; Board Delay on Rise ; Board Delay on Fall ; Steady State Voh at FPGA Pin ; Steady State Vol at FPGA Pin ; Voh Max at FPGA Pin ; Vol Min at FPGA Pin ; Ringback Voltage on Rise at FPGA Pin ; Ringback Voltage on Fall at FPGA Pin ; 10-90 Rise Time at FPGA Pin ; 90-10 Fall Time at FPGA Pin ; Monotonic Rise at FPGA Pin ; Monotonic Fall at FPGA Pin ; Steady State Voh at Far-end ; Steady State Vol at Far-end ; Voh Max at Far-end ; Vol Min at Far-end ; Ringback Voltage on Rise at Far-end ; Ringback Voltage on Fall at Far-end ; 10-90 Rise Time at Far-end ; 90-10 Fall Time at Far-end ; Monotonic Rise at Far-end ; Monotonic Fall at Far-end ;
+-----------------+--------------+---------------------+---------------------+------------------------------+------------------------------+---------------------+---------------------+--------------------------------------+--------------------------------------+-----------------------------+-----------------------------+----------------------------+----------------------------+-----------------------------+-----------------------------+--------------------+--------------------+-------------------------------------+-------------------------------------+----------------------------+----------------------------+---------------------------+---------------------------+
; is_connected    ; 2.5 V        ; 0 s                 ; 0 s                 ; 2.32 V                       ; 7.16e-07 V                   ; 2.35 V              ; -0.00832 V          ; 0.101 V                              ; 0.024 V                              ; 6.39e-10 s                  ; 6e-10 s                     ; Yes                        ; Yes                        ; 2.32 V                      ; 7.16e-07 V                  ; 2.35 V             ; -0.00832 V         ; 0.101 V                             ; 0.024 V                             ; 6.39e-10 s                 ; 6e-10 s                    ; Yes                       ; Yes                       ;
; client_mac[0]   ; 2.5 V        ; 0 s                 ; 0 s                 ; 2.32 V                       ; 1.06e-06 V                   ; 2.36 V              ; -0.00724 V          ; 0.107 V                              ; 0.02 V                               ; 4.5e-10 s                   ; 4.25e-10 s                  ; Yes                        ; Yes                        ; 2.32 V                      ; 1.06e-06 V                  ; 2.36 V             ; -0.00724 V         ; 0.107 V                             ; 0.02 V                              ; 4.5e-10 s                  ; 4.25e-10 s                 ; Yes                       ; Yes                       ;
; client_mac[1]   ; 2.5 V        ; 0 s                 ; 0 s                 ; 2.32 V                       ; 1.06e-06 V                   ; 2.36 V              ; -0.00724 V          ; 0.107 V                              ; 0.02 V                               ; 4.5e-10 s                   ; 4.25e-10 s                  ; Yes                        ; Yes                        ; 2.32 V                      ; 1.06e-06 V                  ; 2.36 V             ; -0.00724 V         ; 0.107 V                             ; 0.02 V                              ; 4.5e-10 s                  ; 4.25e-10 s                 ; Yes                       ; Yes                       ;
; client_mac[2]   ; 2.5 V        ; 0 s                 ; 0 s                 ; 2.32 V                       ; 1.06e-06 V                   ; 2.36 V              ; -0.00724 V          ; 0.107 V                              ; 0.02 V                               ; 4.5e-10 s                   ; 4.25e-10 s                  ; Yes                        ; Yes                        ; 2.32 V                      ; 1.06e-06 V                  ; 2.36 V             ; -0.00724 V         ; 0.107 V                             ; 0.02 V                              ; 4.5e-10 s                  ; 4.25e-10 s                 ; Yes                       ; Yes                       ;
; client_mac[3]   ; 2.5 V        ; 0 s                 ; 0 s                 ; 2.32 V                       ; 1.06e-06 V                   ; 2.36 V              ; -0.00724 V          ; 0.107 V                              ; 0.02 V                               ; 4.5e-10 s                   ; 4.25e-10 s                  ; Yes                        ; Yes                        ; 2.32 V                      ; 1.06e-06 V                  ; 2.36 V             ; -0.00724 V         ; 0.107 V                             ; 0.02 V                              ; 4.5e-10 s                  ; 4.25e-10 s                 ; Yes                       ; Yes                       ;
; client_mac[4]   ; 2.5 V        ; 0 s                 ; 0 s                 ; 2.32 V                       ; 7.16e-07 V                   ; 2.33 V              ; -0.00349 V          ; 0.163 V                              ; 0.074 V                              ; 3.33e-09 s                  ; 3.14e-09 s                  ; Yes                        ; Yes                        ; 2.32 V                      ; 7.16e-07 V                  ; 2.33 V             ; -0.00349 V         ; 0.163 V                             ; 0.074 V                             ; 3.33e-09 s                 ; 3.14e-09 s                 ; Yes                       ; Yes                       ;
; client_mac[5]   ; 2.5 V        ; 0 s                 ; 0 s                 ; 2.32 V                       ; 1.06e-06 V                   ; 2.36 V              ; -0.00724 V          ; 0.107 V                              ; 0.02 V                               ; 4.5e-10 s                   ; 4.25e-10 s                  ; Yes                        ; Yes                        ; 2.32 V                      ; 1.06e-06 V                  ; 2.36 V             ; -0.00724 V         ; 0.107 V                             ; 0.02 V                              ; 4.5e-10 s                  ; 4.25e-10 s                 ; Yes                       ; Yes                       ;
; client_mac[6]   ; 2.5 V        ; 0 s                 ; 0 s                 ; 2.32 V                       ; 1.06e-06 V                   ; 2.36 V              ; -0.00724 V          ; 0.107 V                              ; 0.02 V                               ; 4.5e-10 s                   ; 4.25e-10 s                  ; Yes                        ; Yes                        ; 2.32 V                      ; 1.06e-06 V                  ; 2.36 V             ; -0.00724 V         ; 0.107 V                             ; 0.02 V                              ; 4.5e-10 s                  ; 4.25e-10 s                 ; Yes                       ; Yes                       ;
; client_mac[7]   ; 2.5 V        ; 0 s                 ; 0 s                 ; 2.32 V                       ; 1.06e-06 V                   ; 2.36 V              ; -0.00724 V          ; 0.107 V                              ; 0.02 V                               ; 4.5e-10 s                   ; 4.25e-10 s                  ; Yes                        ; Yes                        ; 2.32 V                      ; 1.06e-06 V                  ; 2.36 V             ; -0.00724 V         ; 0.107 V                             ; 0.02 V                              ; 4.5e-10 s                  ; 4.25e-10 s                 ; Yes                       ; Yes                       ;
; client_mac[8]   ; 2.5 V        ; 0 s                 ; 0 s                 ; 2.32 V                       ; 1.06e-06 V                   ; 2.36 V              ; -0.00724 V          ; 0.107 V                              ; 0.02 V                               ; 4.5e-10 s                   ; 4.25e-10 s                  ; Yes                        ; Yes                        ; 2.32 V                      ; 1.06e-06 V                  ; 2.36 V             ; -0.00724 V         ; 0.107 V                             ; 0.02 V                              ; 4.5e-10 s                  ; 4.25e-10 s                 ; Yes                       ; Yes                       ;
; client_mac[9]   ; 2.5 V        ; 0 s                 ; 0 s                 ; 2.32 V                       ; 1.06e-06 V                   ; 2.36 V              ; -0.00724 V          ; 0.107 V                              ; 0.02 V                               ; 4.5e-10 s                   ; 4.25e-10 s                  ; Yes                        ; Yes                        ; 2.32 V                      ; 1.06e-06 V                  ; 2.36 V             ; -0.00724 V         ; 0.107 V                             ; 0.02 V                              ; 4.5e-10 s                  ; 4.25e-10 s                 ; Yes                       ; Yes                       ;
; client_mac[10]  ; 2.5 V        ; 0 s                 ; 0 s                 ; 2.32 V                       ; 1.06e-06 V                   ; 2.36 V              ; -0.00724 V          ; 0.107 V                              ; 0.02 V                               ; 4.5e-10 s                   ; 4.25e-10 s                  ; Yes                        ; Yes                        ; 2.32 V                      ; 1.06e-06 V                  ; 2.36 V             ; -0.00724 V         ; 0.107 V                             ; 0.02 V                              ; 4.5e-10 s                  ; 4.25e-10 s                 ; Yes                       ; Yes                       ;
; client_mac[11]  ; 2.5 V        ; 0 s                 ; 0 s                 ; 2.32 V                       ; 1.06e-06 V                   ; 2.36 V              ; -0.00724 V          ; 0.107 V                              ; 0.02 V                               ; 4.5e-10 s                   ; 4.25e-10 s                  ; Yes                        ; Yes                        ; 2.32 V                      ; 1.06e-06 V                  ; 2.36 V             ; -0.00724 V         ; 0.107 V                             ; 0.02 V                              ; 4.5e-10 s                  ; 4.25e-10 s                 ; Yes                       ; Yes                       ;
; client_mac[12]  ; 2.5 V        ; 0 s                 ; 0 s                 ; 2.32 V                       ; 7.16e-07 V                   ; 2.35 V              ; -0.00832 V          ; 0.101 V                              ; 0.024 V                              ; 6.39e-10 s                  ; 6e-10 s                     ; Yes                        ; Yes                        ; 2.32 V                      ; 7.16e-07 V                  ; 2.35 V             ; -0.00832 V         ; 0.101 V                             ; 0.024 V                             ; 6.39e-10 s                 ; 6e-10 s                    ; Yes                       ; Yes                       ;
; client_mac[13]  ; 2.5 V        ; 0 s                 ; 0 s                 ; 2.32 V                       ; 1.06e-06 V                   ; 2.33 V              ; -0.00344 V          ; 0.134 V                              ; 0.075 V                              ; 3.33e-09 s                  ; 3.16e-09 s                  ; Yes                        ; Yes                        ; 2.32 V                      ; 1.06e-06 V                  ; 2.33 V             ; -0.00344 V         ; 0.134 V                             ; 0.075 V                             ; 3.33e-09 s                 ; 3.16e-09 s                 ; Yes                       ; Yes                       ;
; client_mac[14]  ; 2.5 V        ; 0 s                 ; 0 s                 ; 2.32 V                       ; 1.06e-06 V                   ; 2.36 V              ; -0.00724 V          ; 0.107 V                              ; 0.02 V                               ; 4.5e-10 s                   ; 4.25e-10 s                  ; Yes                        ; Yes                        ; 2.32 V                      ; 1.06e-06 V                  ; 2.36 V             ; -0.00724 V         ; 0.107 V                             ; 0.02 V                              ; 4.5e-10 s                  ; 4.25e-10 s                 ; Yes                       ; Yes                       ;
; client_mac[15]  ; 2.5 V        ; 0 s                 ; 0 s                 ; 2.32 V                       ; 1.06e-06 V                   ; 2.36 V              ; -0.00724 V          ; 0.107 V                              ; 0.02 V                               ; 4.5e-10 s                   ; 4.25e-10 s                  ; Yes                        ; Yes                        ; 2.32 V                      ; 1.06e-06 V                  ; 2.36 V             ; -0.00724 V         ; 0.107 V                             ; 0.02 V                              ; 4.5e-10 s                  ; 4.25e-10 s                 ; Yes                       ; Yes                       ;
; client_mac[16]  ; 2.5 V        ; 0 s                 ; 0 s                 ; 2.32 V                       ; 1.06e-06 V                   ; 2.36 V              ; -0.00724 V          ; 0.107 V                              ; 0.02 V                               ; 4.5e-10 s                   ; 4.25e-10 s                  ; Yes                        ; Yes                        ; 2.32 V                      ; 1.06e-06 V                  ; 2.36 V             ; -0.00724 V         ; 0.107 V                             ; 0.02 V                              ; 4.5e-10 s                  ; 4.25e-10 s                 ; Yes                       ; Yes                       ;
; client_mac[17]  ; 2.5 V        ; 0 s                 ; 0 s                 ; 2.32 V                       ; 1.06e-06 V                   ; 2.36 V              ; -0.00724 V          ; 0.107 V                              ; 0.02 V                               ; 4.5e-10 s                   ; 4.25e-10 s                  ; Yes                        ; Yes                        ; 2.32 V                      ; 1.06e-06 V                  ; 2.36 V             ; -0.00724 V         ; 0.107 V                             ; 0.02 V                              ; 4.5e-10 s                  ; 4.25e-10 s                 ; Yes                       ; Yes                       ;
; client_mac[18]  ; 2.5 V        ; 0 s                 ; 0 s                 ; 2.32 V                       ; 1.06e-06 V                   ; 2.36 V              ; -0.00724 V          ; 0.107 V                              ; 0.02 V                               ; 4.5e-10 s                   ; 4.25e-10 s                  ; Yes                        ; Yes                        ; 2.32 V                      ; 1.06e-06 V                  ; 2.36 V             ; -0.00724 V         ; 0.107 V                             ; 0.02 V                              ; 4.5e-10 s                  ; 4.25e-10 s                 ; Yes                       ; Yes                       ;
; client_mac[19]  ; 2.5 V        ; 0 s                 ; 0 s                 ; 2.32 V                       ; 1.06e-06 V                   ; 2.36 V              ; -0.00724 V          ; 0.107 V                              ; 0.02 V                               ; 4.5e-10 s                   ; 4.25e-10 s                  ; Yes                        ; Yes                        ; 2.32 V                      ; 1.06e-06 V                  ; 2.36 V             ; -0.00724 V         ; 0.107 V                             ; 0.02 V                              ; 4.5e-10 s                  ; 4.25e-10 s                 ; Yes                       ; Yes                       ;
; client_mac[20]  ; 2.5 V        ; 0 s                 ; 0 s                 ; 2.32 V                       ; 1.06e-06 V                   ; 2.36 V              ; -0.00724 V          ; 0.107 V                              ; 0.02 V                               ; 4.5e-10 s                   ; 4.25e-10 s                  ; Yes                        ; Yes                        ; 2.32 V                      ; 1.06e-06 V                  ; 2.36 V             ; -0.00724 V         ; 0.107 V                             ; 0.02 V                              ; 4.5e-10 s                  ; 4.25e-10 s                 ; Yes                       ; Yes                       ;
; client_mac[21]  ; 2.5 V        ; 0 s                 ; 0 s                 ; 2.32 V                       ; 1.06e-06 V                   ; 2.36 V              ; -0.00724 V          ; 0.107 V                              ; 0.02 V                               ; 4.5e-10 s                   ; 4.25e-10 s                  ; Yes                        ; Yes                        ; 2.32 V                      ; 1.06e-06 V                  ; 2.36 V             ; -0.00724 V         ; 0.107 V                             ; 0.02 V                              ; 4.5e-10 s                  ; 4.25e-10 s                 ; Yes                       ; Yes                       ;
; client_mac[22]  ; 2.5 V        ; 0 s                 ; 0 s                 ; 2.32 V                       ; 1.06e-06 V                   ; 2.36 V              ; -0.00724 V          ; 0.107 V                              ; 0.02 V                               ; 4.5e-10 s                   ; 4.25e-10 s                  ; Yes                        ; Yes                        ; 2.32 V                      ; 1.06e-06 V                  ; 2.36 V             ; -0.00724 V         ; 0.107 V                             ; 0.02 V                              ; 4.5e-10 s                  ; 4.25e-10 s                 ; Yes                       ; Yes                       ;
; client_mac[23]  ; 2.5 V        ; 0 s                 ; 0 s                 ; 2.32 V                       ; 1.06e-06 V                   ; 2.36 V              ; -0.00724 V          ; 0.107 V                              ; 0.02 V                               ; 4.5e-10 s                   ; 4.25e-10 s                  ; Yes                        ; Yes                        ; 2.32 V                      ; 1.06e-06 V                  ; 2.36 V             ; -0.00724 V         ; 0.107 V                             ; 0.02 V                              ; 4.5e-10 s                  ; 4.25e-10 s                 ; Yes                       ; Yes                       ;
; client_mac[24]  ; 2.5 V        ; 0 s                 ; 0 s                 ; 2.32 V                       ; 7.16e-07 V                   ; 2.35 V              ; -0.00832 V          ; 0.101 V                              ; 0.024 V                              ; 6.39e-10 s                  ; 6e-10 s                     ; Yes                        ; Yes                        ; 2.32 V                      ; 7.16e-07 V                  ; 2.35 V             ; -0.00832 V         ; 0.101 V                             ; 0.024 V                             ; 6.39e-10 s                 ; 6e-10 s                    ; Yes                       ; Yes                       ;
; client_mac[25]  ; 2.5 V        ; 0 s                 ; 0 s                 ; 2.32 V                       ; 7.16e-07 V                   ; 2.35 V              ; -0.00832 V          ; 0.101 V                              ; 0.024 V                              ; 6.39e-10 s                  ; 6e-10 s                     ; Yes                        ; Yes                        ; 2.32 V                      ; 7.16e-07 V                  ; 2.35 V             ; -0.00832 V         ; 0.101 V                             ; 0.024 V                             ; 6.39e-10 s                 ; 6e-10 s                    ; Yes                       ; Yes                       ;
; client_mac[26]  ; 2.5 V        ; 0 s                 ; 0 s                 ; 2.32 V                       ; 1.06e-06 V                   ; 2.36 V              ; -0.00724 V          ; 0.107 V                              ; 0.02 V                               ; 4.5e-10 s                   ; 4.25e-10 s                  ; Yes                        ; Yes                        ; 2.32 V                      ; 1.06e-06 V                  ; 2.36 V             ; -0.00724 V         ; 0.107 V                             ; 0.02 V                              ; 4.5e-10 s                  ; 4.25e-10 s                 ; Yes                       ; Yes                       ;
; client_mac[27]  ; 2.5 V        ; 0 s                 ; 0 s                 ; 2.32 V                       ; 1.06e-06 V                   ; 2.36 V              ; -0.00724 V          ; 0.107 V                              ; 0.02 V                               ; 4.5e-10 s                   ; 4.25e-10 s                  ; Yes                        ; Yes                        ; 2.32 V                      ; 1.06e-06 V                  ; 2.36 V             ; -0.00724 V         ; 0.107 V                             ; 0.02 V                              ; 4.5e-10 s                  ; 4.25e-10 s                 ; Yes                       ; Yes                       ;
; client_mac[28]  ; 2.5 V        ; 0 s                 ; 0 s                 ; 2.32 V                       ; 1.06e-06 V                   ; 2.36 V              ; -0.00724 V          ; 0.107 V                              ; 0.02 V                               ; 4.5e-10 s                   ; 4.25e-10 s                  ; Yes                        ; Yes                        ; 2.32 V                      ; 1.06e-06 V                  ; 2.36 V             ; -0.00724 V         ; 0.107 V                             ; 0.02 V                              ; 4.5e-10 s                  ; 4.25e-10 s                 ; Yes                       ; Yes                       ;
; client_mac[29]  ; 2.5 V        ; 0 s                 ; 0 s                 ; 2.32 V                       ; 1.06e-06 V                   ; 2.36 V              ; -0.00724 V          ; 0.107 V                              ; 0.02 V                               ; 4.5e-10 s                   ; 4.25e-10 s                  ; Yes                        ; Yes                        ; 2.32 V                      ; 1.06e-06 V                  ; 2.36 V             ; -0.00724 V         ; 0.107 V                             ; 0.02 V                              ; 4.5e-10 s                  ; 4.25e-10 s                 ; Yes                       ; Yes                       ;
; client_mac[30]  ; 2.5 V        ; 0 s                 ; 0 s                 ; 2.32 V                       ; 1.06e-06 V                   ; 2.36 V              ; -0.00724 V          ; 0.107 V                              ; 0.02 V                               ; 4.5e-10 s                   ; 4.25e-10 s                  ; Yes                        ; Yes                        ; 2.32 V                      ; 1.06e-06 V                  ; 2.36 V             ; -0.00724 V         ; 0.107 V                             ; 0.02 V                              ; 4.5e-10 s                  ; 4.25e-10 s                 ; Yes                       ; Yes                       ;
; client_mac[31]  ; 2.5 V        ; 0 s                 ; 0 s                 ; 2.32 V                       ; 1.06e-06 V                   ; 2.36 V              ; -0.00724 V          ; 0.107 V                              ; 0.02 V                               ; 4.5e-10 s                   ; 4.25e-10 s                  ; Yes                        ; Yes                        ; 2.32 V                      ; 1.06e-06 V                  ; 2.36 V             ; -0.00724 V         ; 0.107 V                             ; 0.02 V                              ; 4.5e-10 s                  ; 4.25e-10 s                 ; Yes                       ; Yes                       ;
; client_mac[32]  ; 2.5 V        ; 0 s                 ; 0 s                 ; 2.32 V                       ; 1.06e-06 V                   ; 2.36 V              ; -0.00724 V          ; 0.107 V                              ; 0.02 V                               ; 4.5e-10 s                   ; 4.25e-10 s                  ; Yes                        ; Yes                        ; 2.32 V                      ; 1.06e-06 V                  ; 2.36 V             ; -0.00724 V         ; 0.107 V                             ; 0.02 V                              ; 4.5e-10 s                  ; 4.25e-10 s                 ; Yes                       ; Yes                       ;
; client_mac[33]  ; 2.5 V        ; 0 s                 ; 0 s                 ; 2.32 V                       ; 1.06e-06 V                   ; 2.36 V              ; -0.00724 V          ; 0.107 V                              ; 0.02 V                               ; 4.5e-10 s                   ; 4.25e-10 s                  ; Yes                        ; Yes                        ; 2.32 V                      ; 1.06e-06 V                  ; 2.36 V             ; -0.00724 V         ; 0.107 V                             ; 0.02 V                              ; 4.5e-10 s                  ; 4.25e-10 s                 ; Yes                       ; Yes                       ;
; client_mac[34]  ; 2.5 V        ; 0 s                 ; 0 s                 ; 2.32 V                       ; 1.06e-06 V                   ; 2.36 V              ; -0.00724 V          ; 0.107 V                              ; 0.02 V                               ; 4.5e-10 s                   ; 4.25e-10 s                  ; Yes                        ; Yes                        ; 2.32 V                      ; 1.06e-06 V                  ; 2.36 V             ; -0.00724 V         ; 0.107 V                             ; 0.02 V                              ; 4.5e-10 s                  ; 4.25e-10 s                 ; Yes                       ; Yes                       ;
; client_mac[35]  ; 2.5 V        ; 0 s                 ; 0 s                 ; 2.32 V                       ; 7.16e-07 V                   ; 2.35 V              ; -0.00832 V          ; 0.101 V                              ; 0.024 V                              ; 6.39e-10 s                  ; 6e-10 s                     ; Yes                        ; Yes                        ; 2.32 V                      ; 7.16e-07 V                  ; 2.35 V             ; -0.00832 V         ; 0.101 V                             ; 0.024 V                             ; 6.39e-10 s                 ; 6e-10 s                    ; Yes                       ; Yes                       ;
; client_mac[36]  ; 2.5 V        ; 0 s                 ; 0 s                 ; 2.32 V                       ; 1.06e-06 V                   ; 2.36 V              ; -0.00724 V          ; 0.107 V                              ; 0.02 V                               ; 4.5e-10 s                   ; 4.25e-10 s                  ; Yes                        ; Yes                        ; 2.32 V                      ; 1.06e-06 V                  ; 2.36 V             ; -0.00724 V         ; 0.107 V                             ; 0.02 V                              ; 4.5e-10 s                  ; 4.25e-10 s                 ; Yes                       ; Yes                       ;
; client_mac[37]  ; 2.5 V        ; 0 s                 ; 0 s                 ; 2.32 V                       ; 7.16e-07 V                   ; 2.36 V              ; -0.00476 V          ; 0.096 V                              ; 0.013 V                              ; 4.39e-10 s                  ; 4.15e-10 s                  ; Yes                        ; Yes                        ; 2.32 V                      ; 7.16e-07 V                  ; 2.36 V             ; -0.00476 V         ; 0.096 V                             ; 0.013 V                             ; 4.39e-10 s                 ; 4.15e-10 s                 ; Yes                       ; Yes                       ;
; client_mac[38]  ; 2.5 V        ; 0 s                 ; 0 s                 ; 2.32 V                       ; 1.06e-06 V                   ; 2.36 V              ; -0.00724 V          ; 0.107 V                              ; 0.02 V                               ; 4.5e-10 s                   ; 4.25e-10 s                  ; Yes                        ; Yes                        ; 2.32 V                      ; 1.06e-06 V                  ; 2.36 V             ; -0.00724 V         ; 0.107 V                             ; 0.02 V                              ; 4.5e-10 s                  ; 4.25e-10 s                 ; Yes                       ; Yes                       ;
; client_mac[39]  ; 2.5 V        ; 0 s                 ; 0 s                 ; 2.32 V                       ; 1.06e-06 V                   ; 2.36 V              ; -0.00724 V          ; 0.107 V                              ; 0.02 V                               ; 4.5e-10 s                   ; 4.25e-10 s                  ; Yes                        ; Yes                        ; 2.32 V                      ; 1.06e-06 V                  ; 2.36 V             ; -0.00724 V         ; 0.107 V                             ; 0.02 V                              ; 4.5e-10 s                  ; 4.25e-10 s                 ; Yes                       ; Yes                       ;
; client_mac[40]  ; 2.5 V        ; 0 s                 ; 0 s                 ; 2.32 V                       ; 1.06e-06 V                   ; 2.36 V              ; -0.00724 V          ; 0.107 V                              ; 0.02 V                               ; 4.5e-10 s                   ; 4.25e-10 s                  ; Yes                        ; Yes                        ; 2.32 V                      ; 1.06e-06 V                  ; 2.36 V             ; -0.00724 V         ; 0.107 V                             ; 0.02 V                              ; 4.5e-10 s                  ; 4.25e-10 s                 ; Yes                       ; Yes                       ;
; client_mac[41]  ; 2.5 V        ; 0 s                 ; 0 s                 ; 2.32 V                       ; 7.16e-07 V                   ; 2.35 V              ; -0.00832 V          ; 0.101 V                              ; 0.024 V                              ; 6.39e-10 s                  ; 6e-10 s                     ; Yes                        ; Yes                        ; 2.32 V                      ; 7.16e-07 V                  ; 2.35 V             ; -0.00832 V         ; 0.101 V                             ; 0.024 V                             ; 6.39e-10 s                 ; 6e-10 s                    ; Yes                       ; Yes                       ;
; client_mac[42]  ; 2.5 V        ; 0 s                 ; 0 s                 ; 2.32 V                       ; 1.06e-06 V                   ; 2.36 V              ; -0.00724 V          ; 0.107 V                              ; 0.02 V                               ; 4.5e-10 s                   ; 4.25e-10 s                  ; Yes                        ; Yes                        ; 2.32 V                      ; 1.06e-06 V                  ; 2.36 V             ; -0.00724 V         ; 0.107 V                             ; 0.02 V                              ; 4.5e-10 s                  ; 4.25e-10 s                 ; Yes                       ; Yes                       ;
; client_mac[43]  ; 2.5 V        ; 0 s                 ; 0 s                 ; 2.32 V                       ; 1.06e-06 V                   ; 2.36 V              ; -0.00724 V          ; 0.107 V                              ; 0.02 V                               ; 4.5e-10 s                   ; 4.25e-10 s                  ; Yes                        ; Yes                        ; 2.32 V                      ; 1.06e-06 V                  ; 2.36 V             ; -0.00724 V         ; 0.107 V                             ; 0.02 V                              ; 4.5e-10 s                  ; 4.25e-10 s                 ; Yes                       ; Yes                       ;
; client_mac[44]  ; 2.5 V        ; 0 s                 ; 0 s                 ; 2.32 V                       ; 1.06e-06 V                   ; 2.36 V              ; -0.00724 V          ; 0.107 V                              ; 0.02 V                               ; 4.5e-10 s                   ; 4.25e-10 s                  ; Yes                        ; Yes                        ; 2.32 V                      ; 1.06e-06 V                  ; 2.36 V             ; -0.00724 V         ; 0.107 V                             ; 0.02 V                              ; 4.5e-10 s                  ; 4.25e-10 s                 ; Yes                       ; Yes                       ;
; client_mac[45]  ; 2.5 V        ; 0 s                 ; 0 s                 ; 2.32 V                       ; 7.16e-07 V                   ; 2.35 V              ; -0.00832 V          ; 0.101 V                              ; 0.024 V                              ; 6.39e-10 s                  ; 6e-10 s                     ; Yes                        ; Yes                        ; 2.32 V                      ; 7.16e-07 V                  ; 2.35 V             ; -0.00832 V         ; 0.101 V                             ; 0.024 V                             ; 6.39e-10 s                 ; 6e-10 s                    ; Yes                       ; Yes                       ;
; client_mac[46]  ; 2.5 V        ; 0 s                 ; 0 s                 ; 2.32 V                       ; 1.06e-06 V                   ; 2.36 V              ; -0.00724 V          ; 0.107 V                              ; 0.02 V                               ; 4.5e-10 s                   ; 4.25e-10 s                  ; Yes                        ; Yes                        ; 2.32 V                      ; 1.06e-06 V                  ; 2.36 V             ; -0.00724 V         ; 0.107 V                             ; 0.02 V                              ; 4.5e-10 s                  ; 4.25e-10 s                 ; Yes                       ; Yes                       ;
; client_mac[47]  ; 2.5 V        ; 0 s                 ; 0 s                 ; 2.32 V                       ; 1.06e-06 V                   ; 2.36 V              ; -0.00724 V          ; 0.107 V                              ; 0.02 V                               ; 4.5e-10 s                   ; 4.25e-10 s                  ; Yes                        ; Yes                        ; 2.32 V                      ; 1.06e-06 V                  ; 2.36 V             ; -0.00724 V         ; 0.107 V                             ; 0.02 V                              ; 4.5e-10 s                  ; 4.25e-10 s                 ; Yes                       ; Yes                       ;
; client_ip[0]    ; 2.5 V        ; 0 s                 ; 0 s                 ; 2.32 V                       ; 1.06e-06 V                   ; 2.36 V              ; -0.00724 V          ; 0.107 V                              ; 0.02 V                               ; 4.5e-10 s                   ; 4.25e-10 s                  ; Yes                        ; Yes                        ; 2.32 V                      ; 1.06e-06 V                  ; 2.36 V             ; -0.00724 V         ; 0.107 V                             ; 0.02 V                              ; 4.5e-10 s                  ; 4.25e-10 s                 ; Yes                       ; Yes                       ;
; client_ip[1]    ; 2.5 V        ; 0 s                 ; 0 s                 ; 2.32 V                       ; 7.16e-07 V                   ; 2.35 V              ; -0.00832 V          ; 0.101 V                              ; 0.024 V                              ; 6.39e-10 s                  ; 6e-10 s                     ; Yes                        ; Yes                        ; 2.32 V                      ; 7.16e-07 V                  ; 2.35 V             ; -0.00832 V         ; 0.101 V                             ; 0.024 V                             ; 6.39e-10 s                 ; 6e-10 s                    ; Yes                       ; Yes                       ;
; client_ip[2]    ; 2.5 V        ; 0 s                 ; 0 s                 ; 2.32 V                       ; 7.16e-07 V                   ; 2.35 V              ; -0.00832 V          ; 0.101 V                              ; 0.024 V                              ; 6.39e-10 s                  ; 6e-10 s                     ; Yes                        ; Yes                        ; 2.32 V                      ; 7.16e-07 V                  ; 2.35 V             ; -0.00832 V         ; 0.101 V                             ; 0.024 V                             ; 6.39e-10 s                 ; 6e-10 s                    ; Yes                       ; Yes                       ;
; client_ip[3]    ; 2.5 V        ; 0 s                 ; 0 s                 ; 2.32 V                       ; 7.16e-07 V                   ; 2.35 V              ; -0.00832 V          ; 0.101 V                              ; 0.024 V                              ; 6.39e-10 s                  ; 6e-10 s                     ; Yes                        ; Yes                        ; 2.32 V                      ; 7.16e-07 V                  ; 2.35 V             ; -0.00832 V         ; 0.101 V                             ; 0.024 V                             ; 6.39e-10 s                 ; 6e-10 s                    ; Yes                       ; Yes                       ;
; client_ip[4]    ; 2.5 V        ; 0 s                 ; 0 s                 ; 2.32 V                       ; 1.06e-06 V                   ; 2.36 V              ; -0.00724 V          ; 0.107 V                              ; 0.02 V                               ; 4.5e-10 s                   ; 4.25e-10 s                  ; Yes                        ; Yes                        ; 2.32 V                      ; 1.06e-06 V                  ; 2.36 V             ; -0.00724 V         ; 0.107 V                             ; 0.02 V                              ; 4.5e-10 s                  ; 4.25e-10 s                 ; Yes                       ; Yes                       ;
; client_ip[5]    ; 2.5 V        ; 0 s                 ; 0 s                 ; 2.32 V                       ; 1.06e-06 V                   ; 2.36 V              ; -0.00724 V          ; 0.107 V                              ; 0.02 V                               ; 4.5e-10 s                   ; 4.25e-10 s                  ; Yes                        ; Yes                        ; 2.32 V                      ; 1.06e-06 V                  ; 2.36 V             ; -0.00724 V         ; 0.107 V                             ; 0.02 V                              ; 4.5e-10 s                  ; 4.25e-10 s                 ; Yes                       ; Yes                       ;
; client_ip[6]    ; 2.5 V        ; 0 s                 ; 0 s                 ; 2.32 V                       ; 1.06e-06 V                   ; 2.36 V              ; -0.00724 V          ; 0.107 V                              ; 0.02 V                               ; 4.5e-10 s                   ; 4.25e-10 s                  ; Yes                        ; Yes                        ; 2.32 V                      ; 1.06e-06 V                  ; 2.36 V             ; -0.00724 V         ; 0.107 V                             ; 0.02 V                              ; 4.5e-10 s                  ; 4.25e-10 s                 ; Yes                       ; Yes                       ;
; client_ip[7]    ; 2.5 V        ; 0 s                 ; 0 s                 ; 2.32 V                       ; 7.16e-07 V                   ; 2.36 V              ; -0.00476 V          ; 0.096 V                              ; 0.013 V                              ; 4.39e-10 s                  ; 4.15e-10 s                  ; Yes                        ; Yes                        ; 2.32 V                      ; 7.16e-07 V                  ; 2.36 V             ; -0.00476 V         ; 0.096 V                             ; 0.013 V                             ; 4.39e-10 s                 ; 4.15e-10 s                 ; Yes                       ; Yes                       ;
; client_ip[8]    ; 2.5 V        ; 0 s                 ; 0 s                 ; 2.32 V                       ; 1.06e-06 V                   ; 2.36 V              ; -0.00724 V          ; 0.107 V                              ; 0.02 V                               ; 4.5e-10 s                   ; 4.25e-10 s                  ; Yes                        ; Yes                        ; 2.32 V                      ; 1.06e-06 V                  ; 2.36 V             ; -0.00724 V         ; 0.107 V                             ; 0.02 V                              ; 4.5e-10 s                  ; 4.25e-10 s                 ; Yes                       ; Yes                       ;
; client_ip[9]    ; 2.5 V        ; 0 s                 ; 0 s                 ; 2.32 V                       ; 7.16e-07 V                   ; 2.35 V              ; -0.00832 V          ; 0.101 V                              ; 0.024 V                              ; 6.39e-10 s                  ; 6e-10 s                     ; Yes                        ; Yes                        ; 2.32 V                      ; 7.16e-07 V                  ; 2.35 V             ; -0.00832 V         ; 0.101 V                             ; 0.024 V                             ; 6.39e-10 s                 ; 6e-10 s                    ; Yes                       ; Yes                       ;
; client_ip[10]   ; 2.5 V        ; 0 s                 ; 0 s                 ; 2.32 V                       ; 1.06e-06 V                   ; 2.36 V              ; -0.00724 V          ; 0.107 V                              ; 0.02 V                               ; 4.5e-10 s                   ; 4.25e-10 s                  ; Yes                        ; Yes                        ; 2.32 V                      ; 1.06e-06 V                  ; 2.36 V             ; -0.00724 V         ; 0.107 V                             ; 0.02 V                              ; 4.5e-10 s                  ; 4.25e-10 s                 ; Yes                       ; Yes                       ;
; client_ip[11]   ; 2.5 V        ; 0 s                 ; 0 s                 ; 2.32 V                       ; 1.06e-06 V                   ; 2.36 V              ; -0.00724 V          ; 0.107 V                              ; 0.02 V                               ; 4.5e-10 s                   ; 4.25e-10 s                  ; Yes                        ; Yes                        ; 2.32 V                      ; 1.06e-06 V                  ; 2.36 V             ; -0.00724 V         ; 0.107 V                             ; 0.02 V                              ; 4.5e-10 s                  ; 4.25e-10 s                 ; Yes                       ; Yes                       ;
; client_ip[12]   ; 2.5 V        ; 0 s                 ; 0 s                 ; 2.32 V                       ; 7.16e-07 V                   ; 2.36 V              ; -0.00476 V          ; 0.096 V                              ; 0.013 V                              ; 4.39e-10 s                  ; 4.15e-10 s                  ; Yes                        ; Yes                        ; 2.32 V                      ; 7.16e-07 V                  ; 2.36 V             ; -0.00476 V         ; 0.096 V                             ; 0.013 V                             ; 4.39e-10 s                 ; 4.15e-10 s                 ; Yes                       ; Yes                       ;
; client_ip[13]   ; 2.5 V        ; 0 s                 ; 0 s                 ; 2.32 V                       ; 7.16e-07 V                   ; 2.36 V              ; -0.00476 V          ; 0.096 V                              ; 0.013 V                              ; 4.39e-10 s                  ; 4.15e-10 s                  ; Yes                        ; Yes                        ; 2.32 V                      ; 7.16e-07 V                  ; 2.36 V             ; -0.00476 V         ; 0.096 V                             ; 0.013 V                             ; 4.39e-10 s                 ; 4.15e-10 s                 ; Yes                       ; Yes                       ;
; client_ip[14]   ; 2.5 V        ; 0 s                 ; 0 s                 ; 2.32 V                       ; 7.16e-07 V                   ; 2.33 V              ; -0.00349 V          ; 0.163 V                              ; 0.074 V                              ; 3.33e-09 s                  ; 3.14e-09 s                  ; Yes                        ; Yes                        ; 2.32 V                      ; 7.16e-07 V                  ; 2.33 V             ; -0.00349 V         ; 0.163 V                             ; 0.074 V                             ; 3.33e-09 s                 ; 3.14e-09 s                 ; Yes                       ; Yes                       ;
; client_ip[15]   ; 2.5 V        ; 0 s                 ; 0 s                 ; 2.32 V                       ; 7.16e-07 V                   ; 2.36 V              ; -0.00476 V          ; 0.096 V                              ; 0.013 V                              ; 4.39e-10 s                  ; 4.15e-10 s                  ; Yes                        ; Yes                        ; 2.32 V                      ; 7.16e-07 V                  ; 2.36 V             ; -0.00476 V         ; 0.096 V                             ; 0.013 V                             ; 4.39e-10 s                 ; 4.15e-10 s                 ; Yes                       ; Yes                       ;
; client_ip[16]   ; 2.5 V        ; 0 s                 ; 0 s                 ; 2.32 V                       ; 7.16e-07 V                   ; 2.35 V              ; -0.00832 V          ; 0.101 V                              ; 0.024 V                              ; 6.39e-10 s                  ; 6e-10 s                     ; Yes                        ; Yes                        ; 2.32 V                      ; 7.16e-07 V                  ; 2.35 V             ; -0.00832 V         ; 0.101 V                             ; 0.024 V                             ; 6.39e-10 s                 ; 6e-10 s                    ; Yes                       ; Yes                       ;
; client_ip[17]   ; 2.5 V        ; 0 s                 ; 0 s                 ; 2.32 V                       ; 1.06e-06 V                   ; 2.36 V              ; -0.00724 V          ; 0.107 V                              ; 0.02 V                               ; 4.5e-10 s                   ; 4.25e-10 s                  ; Yes                        ; Yes                        ; 2.32 V                      ; 1.06e-06 V                  ; 2.36 V             ; -0.00724 V         ; 0.107 V                             ; 0.02 V                              ; 4.5e-10 s                  ; 4.25e-10 s                 ; Yes                       ; Yes                       ;
; client_ip[18]   ; 2.5 V        ; 0 s                 ; 0 s                 ; 2.32 V                       ; 1.06e-06 V                   ; 2.36 V              ; -0.00724 V          ; 0.107 V                              ; 0.02 V                               ; 4.5e-10 s                   ; 4.25e-10 s                  ; Yes                        ; Yes                        ; 2.32 V                      ; 1.06e-06 V                  ; 2.36 V             ; -0.00724 V         ; 0.107 V                             ; 0.02 V                              ; 4.5e-10 s                  ; 4.25e-10 s                 ; Yes                       ; Yes                       ;
; client_ip[19]   ; 2.5 V        ; 0 s                 ; 0 s                 ; 2.32 V                       ; 1.06e-06 V                   ; 2.36 V              ; -0.00724 V          ; 0.107 V                              ; 0.02 V                               ; 4.5e-10 s                   ; 4.25e-10 s                  ; Yes                        ; Yes                        ; 2.32 V                      ; 1.06e-06 V                  ; 2.36 V             ; -0.00724 V         ; 0.107 V                             ; 0.02 V                              ; 4.5e-10 s                  ; 4.25e-10 s                 ; Yes                       ; Yes                       ;
; client_ip[20]   ; 2.5 V        ; 0 s                 ; 0 s                 ; 2.32 V                       ; 7.16e-07 V                   ; 2.33 V              ; -0.00349 V          ; 0.163 V                              ; 0.074 V                              ; 3.33e-09 s                  ; 3.14e-09 s                  ; Yes                        ; Yes                        ; 2.32 V                      ; 7.16e-07 V                  ; 2.33 V             ; -0.00349 V         ; 0.163 V                             ; 0.074 V                             ; 3.33e-09 s                 ; 3.14e-09 s                 ; Yes                       ; Yes                       ;
; client_ip[21]   ; 2.5 V        ; 0 s                 ; 0 s                 ; 2.32 V                       ; 1.06e-06 V                   ; 2.36 V              ; -0.00724 V          ; 0.107 V                              ; 0.02 V                               ; 4.5e-10 s                   ; 4.25e-10 s                  ; Yes                        ; Yes                        ; 2.32 V                      ; 1.06e-06 V                  ; 2.36 V             ; -0.00724 V         ; 0.107 V                             ; 0.02 V                              ; 4.5e-10 s                  ; 4.25e-10 s                 ; Yes                       ; Yes                       ;
; client_ip[22]   ; 2.5 V        ; 0 s                 ; 0 s                 ; 2.32 V                       ; 1.06e-06 V                   ; 2.36 V              ; -0.00724 V          ; 0.107 V                              ; 0.02 V                               ; 4.5e-10 s                   ; 4.25e-10 s                  ; Yes                        ; Yes                        ; 2.32 V                      ; 1.06e-06 V                  ; 2.36 V             ; -0.00724 V         ; 0.107 V                             ; 0.02 V                              ; 4.5e-10 s                  ; 4.25e-10 s                 ; Yes                       ; Yes                       ;
; client_ip[23]   ; 2.5 V        ; 0 s                 ; 0 s                 ; 2.32 V                       ; 7.16e-07 V                   ; 2.35 V              ; -0.00832 V          ; 0.101 V                              ; 0.024 V                              ; 6.39e-10 s                  ; 6e-10 s                     ; Yes                        ; Yes                        ; 2.32 V                      ; 7.16e-07 V                  ; 2.35 V             ; -0.00832 V         ; 0.101 V                             ; 0.024 V                             ; 6.39e-10 s                 ; 6e-10 s                    ; Yes                       ; Yes                       ;
; client_ip[24]   ; 2.5 V        ; 0 s                 ; 0 s                 ; 2.32 V                       ; 7.16e-07 V                   ; 2.35 V              ; -0.00832 V          ; 0.101 V                              ; 0.024 V                              ; 6.39e-10 s                  ; 6e-10 s                     ; Yes                        ; Yes                        ; 2.32 V                      ; 7.16e-07 V                  ; 2.35 V             ; -0.00832 V         ; 0.101 V                             ; 0.024 V                             ; 6.39e-10 s                 ; 6e-10 s                    ; Yes                       ; Yes                       ;
; client_ip[25]   ; 2.5 V        ; 0 s                 ; 0 s                 ; 2.32 V                       ; 1.06e-06 V                   ; 2.36 V              ; -0.00724 V          ; 0.107 V                              ; 0.02 V                               ; 4.5e-10 s                   ; 4.25e-10 s                  ; Yes                        ; Yes                        ; 2.32 V                      ; 1.06e-06 V                  ; 2.36 V             ; -0.00724 V         ; 0.107 V                             ; 0.02 V                              ; 4.5e-10 s                  ; 4.25e-10 s                 ; Yes                       ; Yes                       ;
; client_ip[26]   ; 2.5 V        ; 0 s                 ; 0 s                 ; 2.32 V                       ; 1.06e-06 V                   ; 2.33 V              ; -0.00344 V          ; 0.134 V                              ; 0.075 V                              ; 3.33e-09 s                  ; 3.16e-09 s                  ; Yes                        ; Yes                        ; 2.32 V                      ; 1.06e-06 V                  ; 2.33 V             ; -0.00344 V         ; 0.134 V                             ; 0.075 V                             ; 3.33e-09 s                 ; 3.16e-09 s                 ; Yes                       ; Yes                       ;
; client_ip[27]   ; 2.5 V        ; 0 s                 ; 0 s                 ; 2.32 V                       ; 1.06e-06 V                   ; 2.36 V              ; -0.00724 V          ; 0.107 V                              ; 0.02 V                               ; 4.5e-10 s                   ; 4.25e-10 s                  ; Yes                        ; Yes                        ; 2.32 V                      ; 1.06e-06 V                  ; 2.36 V             ; -0.00724 V         ; 0.107 V                             ; 0.02 V                              ; 4.5e-10 s                  ; 4.25e-10 s                 ; Yes                       ; Yes                       ;
; client_ip[28]   ; 2.5 V        ; 0 s                 ; 0 s                 ; 2.32 V                       ; 7.16e-07 V                   ; 2.35 V              ; -0.00832 V          ; 0.101 V                              ; 0.024 V                              ; 6.39e-10 s                  ; 6e-10 s                     ; Yes                        ; Yes                        ; 2.32 V                      ; 7.16e-07 V                  ; 2.35 V             ; -0.00832 V         ; 0.101 V                             ; 0.024 V                             ; 6.39e-10 s                 ; 6e-10 s                    ; Yes                       ; Yes                       ;
; client_ip[29]   ; 2.5 V        ; 0 s                 ; 0 s                 ; 2.32 V                       ; 1.06e-06 V                   ; 2.36 V              ; -0.00724 V          ; 0.107 V                              ; 0.02 V                               ; 4.5e-10 s                   ; 4.25e-10 s                  ; Yes                        ; Yes                        ; 2.32 V                      ; 1.06e-06 V                  ; 2.36 V             ; -0.00724 V         ; 0.107 V                             ; 0.02 V                              ; 4.5e-10 s                  ; 4.25e-10 s                 ; Yes                       ; Yes                       ;
; client_ip[30]   ; 2.5 V        ; 0 s                 ; 0 s                 ; 2.32 V                       ; 1.06e-06 V                   ; 2.36 V              ; -0.00724 V          ; 0.107 V                              ; 0.02 V                               ; 4.5e-10 s                   ; 4.25e-10 s                  ; Yes                        ; Yes                        ; 2.32 V                      ; 1.06e-06 V                  ; 2.36 V             ; -0.00724 V         ; 0.107 V                             ; 0.02 V                              ; 4.5e-10 s                  ; 4.25e-10 s                 ; Yes                       ; Yes                       ;
; client_ip[31]   ; 2.5 V        ; 0 s                 ; 0 s                 ; 2.32 V                       ; 7.16e-07 V                   ; 2.35 V              ; -0.00832 V          ; 0.101 V                              ; 0.024 V                              ; 6.39e-10 s                  ; 6e-10 s                     ; Yes                        ; Yes                        ; 2.32 V                      ; 7.16e-07 V                  ; 2.35 V             ; -0.00832 V         ; 0.101 V                             ; 0.024 V                             ; 6.39e-10 s                 ; 6e-10 s                    ; Yes                       ; Yes                       ;
; client_port[0]  ; 2.5 V        ; 0 s                 ; 0 s                 ; 2.32 V                       ; 1.06e-06 V                   ; 2.36 V              ; -0.00724 V          ; 0.107 V                              ; 0.02 V                               ; 4.5e-10 s                   ; 4.25e-10 s                  ; Yes                        ; Yes                        ; 2.32 V                      ; 1.06e-06 V                  ; 2.36 V             ; -0.00724 V         ; 0.107 V                             ; 0.02 V                              ; 4.5e-10 s                  ; 4.25e-10 s                 ; Yes                       ; Yes                       ;
; client_port[1]  ; 2.5 V        ; 0 s                 ; 0 s                 ; 2.32 V                       ; 1.06e-06 V                   ; 2.33 V              ; -0.00344 V          ; 0.134 V                              ; 0.075 V                              ; 3.33e-09 s                  ; 3.16e-09 s                  ; Yes                        ; Yes                        ; 2.32 V                      ; 1.06e-06 V                  ; 2.33 V             ; -0.00344 V         ; 0.134 V                             ; 0.075 V                             ; 3.33e-09 s                 ; 3.16e-09 s                 ; Yes                       ; Yes                       ;
; client_port[2]  ; 2.5 V        ; 0 s                 ; 0 s                 ; 2.32 V                       ; 1.06e-06 V                   ; 2.36 V              ; -0.00724 V          ; 0.107 V                              ; 0.02 V                               ; 4.5e-10 s                   ; 4.25e-10 s                  ; Yes                        ; Yes                        ; 2.32 V                      ; 1.06e-06 V                  ; 2.36 V             ; -0.00724 V         ; 0.107 V                             ; 0.02 V                              ; 4.5e-10 s                  ; 4.25e-10 s                 ; Yes                       ; Yes                       ;
; client_port[3]  ; 2.5 V        ; 0 s                 ; 0 s                 ; 2.32 V                       ; 7.16e-07 V                   ; 2.35 V              ; -0.00832 V          ; 0.101 V                              ; 0.024 V                              ; 6.39e-10 s                  ; 6e-10 s                     ; Yes                        ; Yes                        ; 2.32 V                      ; 7.16e-07 V                  ; 2.35 V             ; -0.00832 V         ; 0.101 V                             ; 0.024 V                             ; 6.39e-10 s                 ; 6e-10 s                    ; Yes                       ; Yes                       ;
; client_port[4]  ; 2.5 V        ; 0 s                 ; 0 s                 ; 2.32 V                       ; 1.06e-06 V                   ; 2.36 V              ; -0.00724 V          ; 0.107 V                              ; 0.02 V                               ; 4.5e-10 s                   ; 4.25e-10 s                  ; Yes                        ; Yes                        ; 2.32 V                      ; 1.06e-06 V                  ; 2.36 V             ; -0.00724 V         ; 0.107 V                             ; 0.02 V                              ; 4.5e-10 s                  ; 4.25e-10 s                 ; Yes                       ; Yes                       ;
; client_port[5]  ; 2.5 V        ; 0 s                 ; 0 s                 ; 2.32 V                       ; 1.06e-06 V                   ; 2.36 V              ; -0.00724 V          ; 0.107 V                              ; 0.02 V                               ; 4.5e-10 s                   ; 4.25e-10 s                  ; Yes                        ; Yes                        ; 2.32 V                      ; 1.06e-06 V                  ; 2.36 V             ; -0.00724 V         ; 0.107 V                             ; 0.02 V                              ; 4.5e-10 s                  ; 4.25e-10 s                 ; Yes                       ; Yes                       ;
; client_port[6]  ; 2.5 V        ; 0 s                 ; 0 s                 ; 2.32 V                       ; 7.16e-07 V                   ; 2.35 V              ; -0.00832 V          ; 0.101 V                              ; 0.024 V                              ; 6.39e-10 s                  ; 6e-10 s                     ; Yes                        ; Yes                        ; 2.32 V                      ; 7.16e-07 V                  ; 2.35 V             ; -0.00832 V         ; 0.101 V                             ; 0.024 V                             ; 6.39e-10 s                 ; 6e-10 s                    ; Yes                       ; Yes                       ;
; client_port[7]  ; 2.5 V        ; 0 s                 ; 0 s                 ; 2.32 V                       ; 7.16e-07 V                   ; 2.36 V              ; -0.00476 V          ; 0.096 V                              ; 0.013 V                              ; 4.39e-10 s                  ; 4.15e-10 s                  ; Yes                        ; Yes                        ; 2.32 V                      ; 7.16e-07 V                  ; 2.36 V             ; -0.00476 V         ; 0.096 V                             ; 0.013 V                             ; 4.39e-10 s                 ; 4.15e-10 s                 ; Yes                       ; Yes                       ;
; client_port[8]  ; 2.5 V        ; 0 s                 ; 0 s                 ; 2.32 V                       ; 1.06e-06 V                   ; 2.36 V              ; -0.00724 V          ; 0.107 V                              ; 0.02 V                               ; 4.5e-10 s                   ; 4.25e-10 s                  ; Yes                        ; Yes                        ; 2.32 V                      ; 1.06e-06 V                  ; 2.36 V             ; -0.00724 V         ; 0.107 V                             ; 0.02 V                              ; 4.5e-10 s                  ; 4.25e-10 s                 ; Yes                       ; Yes                       ;
; client_port[9]  ; 2.5 V        ; 0 s                 ; 0 s                 ; 2.32 V                       ; 7.16e-07 V                   ; 2.35 V              ; -0.00832 V          ; 0.101 V                              ; 0.024 V                              ; 6.39e-10 s                  ; 6e-10 s                     ; Yes                        ; Yes                        ; 2.32 V                      ; 7.16e-07 V                  ; 2.35 V             ; -0.00832 V         ; 0.101 V                             ; 0.024 V                             ; 6.39e-10 s                 ; 6e-10 s                    ; Yes                       ; Yes                       ;
; client_port[10] ; 2.5 V        ; 0 s                 ; 0 s                 ; 2.32 V                       ; 1.06e-06 V                   ; 2.36 V              ; -0.00724 V          ; 0.107 V                              ; 0.02 V                               ; 4.5e-10 s                   ; 4.25e-10 s                  ; Yes                        ; Yes                        ; 2.32 V                      ; 1.06e-06 V                  ; 2.36 V             ; -0.00724 V         ; 0.107 V                             ; 0.02 V                              ; 4.5e-10 s                  ; 4.25e-10 s                 ; Yes                       ; Yes                       ;
; client_port[11] ; 2.5 V        ; 0 s                 ; 0 s                 ; 2.32 V                       ; 7.16e-07 V                   ; 2.35 V              ; -0.00832 V          ; 0.101 V                              ; 0.024 V                              ; 6.39e-10 s                  ; 6e-10 s                     ; Yes                        ; Yes                        ; 2.32 V                      ; 7.16e-07 V                  ; 2.35 V             ; -0.00832 V         ; 0.101 V                             ; 0.024 V                             ; 6.39e-10 s                 ; 6e-10 s                    ; Yes                       ; Yes                       ;
; client_port[12] ; 2.5 V        ; 0 s                 ; 0 s                 ; 2.32 V                       ; 1.06e-06 V                   ; 2.36 V              ; -0.00724 V          ; 0.107 V                              ; 0.02 V                               ; 4.5e-10 s                   ; 4.25e-10 s                  ; Yes                        ; Yes                        ; 2.32 V                      ; 1.06e-06 V                  ; 2.36 V             ; -0.00724 V         ; 0.107 V                             ; 0.02 V                              ; 4.5e-10 s                  ; 4.25e-10 s                 ; Yes                       ; Yes                       ;
; client_port[13] ; 2.5 V        ; 0 s                 ; 0 s                 ; 2.32 V                       ; 1.06e-06 V                   ; 2.36 V              ; -0.00724 V          ; 0.107 V                              ; 0.02 V                               ; 4.5e-10 s                   ; 4.25e-10 s                  ; Yes                        ; Yes                        ; 2.32 V                      ; 1.06e-06 V                  ; 2.36 V             ; -0.00724 V         ; 0.107 V                             ; 0.02 V                              ; 4.5e-10 s                  ; 4.25e-10 s                 ; Yes                       ; Yes                       ;
; client_port[14] ; 2.5 V        ; 0 s                 ; 0 s                 ; 2.32 V                       ; 1.06e-06 V                   ; 2.36 V              ; -0.00724 V          ; 0.107 V                              ; 0.02 V                               ; 4.5e-10 s                   ; 4.25e-10 s                  ; Yes                        ; Yes                        ; 2.32 V                      ; 1.06e-06 V                  ; 2.36 V             ; -0.00724 V         ; 0.107 V                             ; 0.02 V                              ; 4.5e-10 s                  ; 4.25e-10 s                 ; Yes                       ; Yes                       ;
; client_port[15] ; 2.5 V        ; 0 s                 ; 0 s                 ; 2.32 V                       ; 1.06e-06 V                   ; 2.36 V              ; -0.00724 V          ; 0.107 V                              ; 0.02 V                               ; 4.5e-10 s                   ; 4.25e-10 s                  ; Yes                        ; Yes                        ; 2.32 V                      ; 1.06e-06 V                  ; 2.36 V             ; -0.00724 V         ; 0.107 V                             ; 0.02 V                              ; 4.5e-10 s                  ; 4.25e-10 s                 ; Yes                       ; Yes                       ;
; in_ready        ; 2.5 V        ; 0 s                 ; 0 s                 ; 2.32 V                       ; 7.16e-07 V                   ; 2.36 V              ; -0.00476 V          ; 0.096 V                              ; 0.013 V                              ; 4.39e-10 s                  ; 4.15e-10 s                  ; Yes                        ; Yes                        ; 2.32 V                      ; 7.16e-07 V                  ; 2.36 V             ; -0.00476 V         ; 0.096 V                             ; 0.013 V                             ; 4.39e-10 s                 ; 4.15e-10 s                 ; Yes                       ; Yes                       ;
; out_data[0]     ; 2.5 V        ; 0 s                 ; 0 s                 ; 2.32 V                       ; 7.16e-07 V                   ; 2.36 V              ; -0.00476 V          ; 0.096 V                              ; 0.013 V                              ; 4.39e-10 s                  ; 4.15e-10 s                  ; Yes                        ; Yes                        ; 2.32 V                      ; 7.16e-07 V                  ; 2.36 V             ; -0.00476 V         ; 0.096 V                             ; 0.013 V                             ; 4.39e-10 s                 ; 4.15e-10 s                 ; Yes                       ; Yes                       ;
; out_data[1]     ; 2.5 V        ; 0 s                 ; 0 s                 ; 2.32 V                       ; 1.06e-06 V                   ; 2.36 V              ; -0.00724 V          ; 0.107 V                              ; 0.02 V                               ; 4.5e-10 s                   ; 4.25e-10 s                  ; Yes                        ; Yes                        ; 2.32 V                      ; 1.06e-06 V                  ; 2.36 V             ; -0.00724 V         ; 0.107 V                             ; 0.02 V                              ; 4.5e-10 s                  ; 4.25e-10 s                 ; Yes                       ; Yes                       ;
; out_data[2]     ; 2.5 V        ; 0 s                 ; 0 s                 ; 2.32 V                       ; 1.06e-06 V                   ; 2.36 V              ; -0.00724 V          ; 0.107 V                              ; 0.02 V                               ; 4.5e-10 s                   ; 4.25e-10 s                  ; Yes                        ; Yes                        ; 2.32 V                      ; 1.06e-06 V                  ; 2.36 V             ; -0.00724 V         ; 0.107 V                             ; 0.02 V                              ; 4.5e-10 s                  ; 4.25e-10 s                 ; Yes                       ; Yes                       ;
; out_data[3]     ; 2.5 V        ; 0 s                 ; 0 s                 ; 2.32 V                       ; 7.16e-07 V                   ; 2.33 V              ; -0.00349 V          ; 0.163 V                              ; 0.074 V                              ; 3.33e-09 s                  ; 3.14e-09 s                  ; Yes                        ; Yes                        ; 2.32 V                      ; 7.16e-07 V                  ; 2.33 V             ; -0.00349 V         ; 0.163 V                             ; 0.074 V                             ; 3.33e-09 s                 ; 3.14e-09 s                 ; Yes                       ; Yes                       ;
; out_data[4]     ; 2.5 V        ; 0 s                 ; 0 s                 ; 2.32 V                       ; 1.06e-06 V                   ; 2.36 V              ; -0.00724 V          ; 0.107 V                              ; 0.02 V                               ; 4.5e-10 s                   ; 4.25e-10 s                  ; Yes                        ; Yes                        ; 2.32 V                      ; 1.06e-06 V                  ; 2.36 V             ; -0.00724 V         ; 0.107 V                             ; 0.02 V                              ; 4.5e-10 s                  ; 4.25e-10 s                 ; Yes                       ; Yes                       ;
; out_data[5]     ; 2.5 V        ; 0 s                 ; 0 s                 ; 2.32 V                       ; 1.06e-06 V                   ; 2.36 V              ; -0.00724 V          ; 0.107 V                              ; 0.02 V                               ; 4.5e-10 s                   ; 4.25e-10 s                  ; Yes                        ; Yes                        ; 2.32 V                      ; 1.06e-06 V                  ; 2.36 V             ; -0.00724 V         ; 0.107 V                             ; 0.02 V                              ; 4.5e-10 s                  ; 4.25e-10 s                 ; Yes                       ; Yes                       ;
; out_data[6]     ; 2.5 V        ; 0 s                 ; 0 s                 ; 2.32 V                       ; 1.06e-06 V                   ; 2.36 V              ; -0.00724 V          ; 0.107 V                              ; 0.02 V                               ; 4.5e-10 s                   ; 4.25e-10 s                  ; Yes                        ; Yes                        ; 2.32 V                      ; 1.06e-06 V                  ; 2.36 V             ; -0.00724 V         ; 0.107 V                             ; 0.02 V                              ; 4.5e-10 s                  ; 4.25e-10 s                 ; Yes                       ; Yes                       ;
; out_data[7]     ; 2.5 V        ; 0 s                 ; 0 s                 ; 2.32 V                       ; 1.06e-06 V                   ; 2.36 V              ; -0.00724 V          ; 0.107 V                              ; 0.02 V                               ; 4.5e-10 s                   ; 4.25e-10 s                  ; Yes                        ; Yes                        ; 2.32 V                      ; 1.06e-06 V                  ; 2.36 V             ; -0.00724 V         ; 0.107 V                             ; 0.02 V                              ; 4.5e-10 s                  ; 4.25e-10 s                 ; Yes                       ; Yes                       ;
; out_valid       ; 2.5 V        ; 0 s                 ; 0 s                 ; 2.32 V                       ; 7.16e-07 V                   ; 2.36 V              ; -0.00476 V          ; 0.096 V                              ; 0.013 V                              ; 4.39e-10 s                  ; 4.15e-10 s                  ; Yes                        ; Yes                        ; 2.32 V                      ; 7.16e-07 V                  ; 2.36 V             ; -0.00476 V         ; 0.096 V                             ; 0.013 V                             ; 4.39e-10 s                 ; 4.15e-10 s                 ; Yes                       ; Yes                       ;
; out_sop         ; 2.5 V        ; 0 s                 ; 0 s                 ; 2.32 V                       ; 7.16e-07 V                   ; 2.35 V              ; -0.00832 V          ; 0.101 V                              ; 0.024 V                              ; 6.39e-10 s                  ; 6e-10 s                     ; Yes                        ; Yes                        ; 2.32 V                      ; 7.16e-07 V                  ; 2.35 V             ; -0.00832 V         ; 0.101 V                             ; 0.024 V                             ; 6.39e-10 s                 ; 6e-10 s                    ; Yes                       ; Yes                       ;
; out_eop         ; 2.5 V        ; 0 s                 ; 0 s                 ; 2.32 V                       ; 7.16e-07 V                   ; 2.36 V              ; -0.00476 V          ; 0.096 V                              ; 0.013 V                              ; 4.39e-10 s                  ; 4.15e-10 s                  ; Yes                        ; Yes                        ; 2.32 V                      ; 7.16e-07 V                  ; 2.36 V             ; -0.00476 V         ; 0.096 V                             ; 0.013 V                             ; 4.39e-10 s                 ; 4.15e-10 s                 ; Yes                       ; Yes                       ;
; ~ALTERA_DCLK~   ; 2.5 V        ; 0 s                 ; 0 s                 ; 2.32 V                       ; 5.74e-07 V                   ; 2.36 V              ; -0.0201 V           ; 0.072 V                              ; 0.033 V                              ; 4.04e-10 s                  ; 3.29e-10 s                  ; Yes                        ; Yes                        ; 2.32 V                      ; 5.74e-07 V                  ; 2.36 V             ; -0.0201 V          ; 0.072 V                             ; 0.033 V                             ; 4.04e-10 s                 ; 3.29e-10 s                 ; Yes                       ; Yes                       ;
; ~ALTERA_nCEO~   ; 2.5 V        ; 0 s                 ; 0 s                 ; 2.32 V                       ; 9.45e-07 V                   ; 2.35 V              ; -0.00643 V          ; 0.081 V                              ; 0.031 V                              ; 5.31e-10 s                  ; 7.59e-10 s                  ; Yes                        ; Yes                        ; 2.32 V                      ; 9.45e-07 V                  ; 2.35 V             ; -0.00643 V         ; 0.081 V                             ; 0.031 V                             ; 5.31e-10 s                 ; 7.59e-10 s                 ; Yes                       ; Yes                       ;
+-----------------+--------------+---------------------+---------------------+------------------------------+------------------------------+---------------------+---------------------+--------------------------------------+--------------------------------------+-----------------------------+-----------------------------+----------------------------+----------------------------+-----------------------------+-----------------------------+--------------------+--------------------+-------------------------------------+-------------------------------------+----------------------------+----------------------------+---------------------------+---------------------------+


+----------------------------------------------------------------------------------------------------------------------------------------------------------------------------------------------------------------------------------------------------------------------------------------------------------------------------------------------------------------------------------------------------------------------------------------------------------------------------------------------------------------------------------------------------------------------------------------------------------------------------------------------------------------------------------------------+
; Signal Integrity Metrics (Fast 1200mv 0c Model)                                                                                                                                                                                                                                                                                                                                                                                                                                                                                                                                                                                                                                              ;
+-----------------+--------------+---------------------+---------------------+------------------------------+------------------------------+---------------------+---------------------+--------------------------------------+--------------------------------------+-----------------------------+-----------------------------+----------------------------+----------------------------+-----------------------------+-----------------------------+--------------------+--------------------+-------------------------------------+-------------------------------------+----------------------------+----------------------------+---------------------------+---------------------------+
; Pin             ; I/O Standard ; Board Delay on Rise ; Board Delay on Fall ; Steady State Voh at FPGA Pin ; Steady State Vol at FPGA Pin ; Voh Max at FPGA Pin ; Vol Min at FPGA Pin ; Ringback Voltage on Rise at FPGA Pin ; Ringback Voltage on Fall at FPGA Pin ; 10-90 Rise Time at FPGA Pin ; 90-10 Fall Time at FPGA Pin ; Monotonic Rise at FPGA Pin ; Monotonic Fall at FPGA Pin ; Steady State Voh at Far-end ; Steady State Vol at Far-end ; Voh Max at Far-end ; Vol Min at Far-end ; Ringback Voltage on Rise at Far-end ; Ringback Voltage on Fall at Far-end ; 10-90 Rise Time at Far-end ; 90-10 Fall Time at Far-end ; Monotonic Rise at Far-end ; Monotonic Fall at Far-end ;
+-----------------+--------------+---------------------+---------------------+------------------------------+------------------------------+---------------------+---------------------+--------------------------------------+--------------------------------------+-----------------------------+-----------------------------+----------------------------+----------------------------+-----------------------------+-----------------------------+--------------------+--------------------+-------------------------------------+-------------------------------------+----------------------------+----------------------------+---------------------------+---------------------------+
; is_connected    ; 2.5 V        ; 0 s                 ; 0 s                 ; 2.62 V                       ; 2.74e-08 V                   ; 2.71 V              ; -0.0317 V           ; 0.148 V                              ; 0.064 V                              ; 4.51e-10 s                  ; 4.15e-10 s                  ; No                         ; Yes                        ; 2.62 V                      ; 2.74e-08 V                  ; 2.71 V             ; -0.0317 V          ; 0.148 V                             ; 0.064 V                             ; 4.51e-10 s                 ; 4.15e-10 s                 ; No                        ; Yes                       ;
; client_mac[0]   ; 2.5 V        ; 0 s                 ; 0 s                 ; 2.62 V                       ; 4.05e-08 V                   ; 2.72 V              ; -0.0349 V           ; 0.173 V                              ; 0.1 V                                ; 2.72e-10 s                  ; 2.69e-10 s                  ; Yes                        ; Yes                        ; 2.62 V                      ; 4.05e-08 V                  ; 2.72 V             ; -0.0349 V          ; 0.173 V                             ; 0.1 V                               ; 2.72e-10 s                 ; 2.69e-10 s                 ; Yes                       ; Yes                       ;
; client_mac[1]   ; 2.5 V        ; 0 s                 ; 0 s                 ; 2.62 V                       ; 4.05e-08 V                   ; 2.72 V              ; -0.0349 V           ; 0.173 V                              ; 0.1 V                                ; 2.72e-10 s                  ; 2.69e-10 s                  ; Yes                        ; Yes                        ; 2.62 V                      ; 4.05e-08 V                  ; 2.72 V             ; -0.0349 V          ; 0.173 V                             ; 0.1 V                               ; 2.72e-10 s                 ; 2.69e-10 s                 ; Yes                       ; Yes                       ;
; client_mac[2]   ; 2.5 V        ; 0 s                 ; 0 s                 ; 2.62 V                       ; 4.05e-08 V                   ; 2.72 V              ; -0.0349 V           ; 0.173 V                              ; 0.1 V                                ; 2.72e-10 s                  ; 2.69e-10 s                  ; Yes                        ; Yes                        ; 2.62 V                      ; 4.05e-08 V                  ; 2.72 V             ; -0.0349 V          ; 0.173 V                             ; 0.1 V                               ; 2.72e-10 s                 ; 2.69e-10 s                 ; Yes                       ; Yes                       ;
; client_mac[3]   ; 2.5 V        ; 0 s                 ; 0 s                 ; 2.62 V                       ; 4.05e-08 V                   ; 2.72 V              ; -0.0349 V           ; 0.173 V                              ; 0.1 V                                ; 2.72e-10 s                  ; 2.69e-10 s                  ; Yes                        ; Yes                        ; 2.62 V                      ; 4.05e-08 V                  ; 2.72 V             ; -0.0349 V          ; 0.173 V                             ; 0.1 V                               ; 2.72e-10 s                 ; 2.69e-10 s                 ; Yes                       ; Yes                       ;
; client_mac[4]   ; 2.5 V        ; 0 s                 ; 0 s                 ; 2.62 V                       ; 2.74e-08 V                   ; 2.64 V              ; -0.0117 V           ; 0.202 V                              ; 0.176 V                              ; 2.38e-09 s                  ; 2.22e-09 s                  ; No                         ; Yes                        ; 2.62 V                      ; 2.74e-08 V                  ; 2.64 V             ; -0.0117 V          ; 0.202 V                             ; 0.176 V                             ; 2.38e-09 s                 ; 2.22e-09 s                 ; No                        ; Yes                       ;
; client_mac[5]   ; 2.5 V        ; 0 s                 ; 0 s                 ; 2.62 V                       ; 4.05e-08 V                   ; 2.72 V              ; -0.0349 V           ; 0.173 V                              ; 0.1 V                                ; 2.72e-10 s                  ; 2.69e-10 s                  ; Yes                        ; Yes                        ; 2.62 V                      ; 4.05e-08 V                  ; 2.72 V             ; -0.0349 V          ; 0.173 V                             ; 0.1 V                               ; 2.72e-10 s                 ; 2.69e-10 s                 ; Yes                       ; Yes                       ;
; client_mac[6]   ; 2.5 V        ; 0 s                 ; 0 s                 ; 2.62 V                       ; 4.05e-08 V                   ; 2.72 V              ; -0.0349 V           ; 0.173 V                              ; 0.1 V                                ; 2.72e-10 s                  ; 2.69e-10 s                  ; Yes                        ; Yes                        ; 2.62 V                      ; 4.05e-08 V                  ; 2.72 V             ; -0.0349 V          ; 0.173 V                             ; 0.1 V                               ; 2.72e-10 s                 ; 2.69e-10 s                 ; Yes                       ; Yes                       ;
; client_mac[7]   ; 2.5 V        ; 0 s                 ; 0 s                 ; 2.62 V                       ; 4.05e-08 V                   ; 2.72 V              ; -0.0349 V           ; 0.173 V                              ; 0.1 V                                ; 2.72e-10 s                  ; 2.69e-10 s                  ; Yes                        ; Yes                        ; 2.62 V                      ; 4.05e-08 V                  ; 2.72 V             ; -0.0349 V          ; 0.173 V                             ; 0.1 V                               ; 2.72e-10 s                 ; 2.69e-10 s                 ; Yes                       ; Yes                       ;
; client_mac[8]   ; 2.5 V        ; 0 s                 ; 0 s                 ; 2.62 V                       ; 4.05e-08 V                   ; 2.72 V              ; -0.0349 V           ; 0.173 V                              ; 0.1 V                                ; 2.72e-10 s                  ; 2.69e-10 s                  ; Yes                        ; Yes                        ; 2.62 V                      ; 4.05e-08 V                  ; 2.72 V             ; -0.0349 V          ; 0.173 V                             ; 0.1 V                               ; 2.72e-10 s                 ; 2.69e-10 s                 ; Yes                       ; Yes                       ;
; client_mac[9]   ; 2.5 V        ; 0 s                 ; 0 s                 ; 2.62 V                       ; 4.05e-08 V                   ; 2.72 V              ; -0.0349 V           ; 0.173 V                              ; 0.1 V                                ; 2.72e-10 s                  ; 2.69e-10 s                  ; Yes                        ; Yes                        ; 2.62 V                      ; 4.05e-08 V                  ; 2.72 V             ; -0.0349 V          ; 0.173 V                             ; 0.1 V                               ; 2.72e-10 s                 ; 2.69e-10 s                 ; Yes                       ; Yes                       ;
; client_mac[10]  ; 2.5 V        ; 0 s                 ; 0 s                 ; 2.62 V                       ; 4.05e-08 V                   ; 2.72 V              ; -0.0349 V           ; 0.173 V                              ; 0.1 V                                ; 2.72e-10 s                  ; 2.69e-10 s                  ; Yes                        ; Yes                        ; 2.62 V                      ; 4.05e-08 V                  ; 2.72 V             ; -0.0349 V          ; 0.173 V                             ; 0.1 V                               ; 2.72e-10 s                 ; 2.69e-10 s                 ; Yes                       ; Yes                       ;
; client_mac[11]  ; 2.5 V        ; 0 s                 ; 0 s                 ; 2.62 V                       ; 4.05e-08 V                   ; 2.72 V              ; -0.0349 V           ; 0.173 V                              ; 0.1 V                                ; 2.72e-10 s                  ; 2.69e-10 s                  ; Yes                        ; Yes                        ; 2.62 V                      ; 4.05e-08 V                  ; 2.72 V             ; -0.0349 V          ; 0.173 V                             ; 0.1 V                               ; 2.72e-10 s                 ; 2.69e-10 s                 ; Yes                       ; Yes                       ;
; client_mac[12]  ; 2.5 V        ; 0 s                 ; 0 s                 ; 2.62 V                       ; 2.74e-08 V                   ; 2.71 V              ; -0.0317 V           ; 0.148 V                              ; 0.064 V                              ; 4.51e-10 s                  ; 4.15e-10 s                  ; No                         ; Yes                        ; 2.62 V                      ; 2.74e-08 V                  ; 2.71 V             ; -0.0317 V          ; 0.148 V                             ; 0.064 V                             ; 4.51e-10 s                 ; 4.15e-10 s                 ; No                        ; Yes                       ;
; client_mac[13]  ; 2.5 V        ; 0 s                 ; 0 s                 ; 2.62 V                       ; 4.05e-08 V                   ; 2.64 V              ; -0.0113 V           ; 0.208 V                              ; 0.179 V                              ; 2.38e-09 s                  ; 2.23e-09 s                  ; No                         ; Yes                        ; 2.62 V                      ; 4.05e-08 V                  ; 2.64 V             ; -0.0113 V          ; 0.208 V                             ; 0.179 V                             ; 2.38e-09 s                 ; 2.23e-09 s                 ; No                        ; Yes                       ;
; client_mac[14]  ; 2.5 V        ; 0 s                 ; 0 s                 ; 2.62 V                       ; 4.05e-08 V                   ; 2.72 V              ; -0.0349 V           ; 0.173 V                              ; 0.1 V                                ; 2.72e-10 s                  ; 2.69e-10 s                  ; Yes                        ; Yes                        ; 2.62 V                      ; 4.05e-08 V                  ; 2.72 V             ; -0.0349 V          ; 0.173 V                             ; 0.1 V                               ; 2.72e-10 s                 ; 2.69e-10 s                 ; Yes                       ; Yes                       ;
; client_mac[15]  ; 2.5 V        ; 0 s                 ; 0 s                 ; 2.62 V                       ; 4.05e-08 V                   ; 2.72 V              ; -0.0349 V           ; 0.173 V                              ; 0.1 V                                ; 2.72e-10 s                  ; 2.69e-10 s                  ; Yes                        ; Yes                        ; 2.62 V                      ; 4.05e-08 V                  ; 2.72 V             ; -0.0349 V          ; 0.173 V                             ; 0.1 V                               ; 2.72e-10 s                 ; 2.69e-10 s                 ; Yes                       ; Yes                       ;
; client_mac[16]  ; 2.5 V        ; 0 s                 ; 0 s                 ; 2.62 V                       ; 4.05e-08 V                   ; 2.72 V              ; -0.0349 V           ; 0.173 V                              ; 0.1 V                                ; 2.72e-10 s                  ; 2.69e-10 s                  ; Yes                        ; Yes                        ; 2.62 V                      ; 4.05e-08 V                  ; 2.72 V             ; -0.0349 V          ; 0.173 V                             ; 0.1 V                               ; 2.72e-10 s                 ; 2.69e-10 s                 ; Yes                       ; Yes                       ;
; client_mac[17]  ; 2.5 V        ; 0 s                 ; 0 s                 ; 2.62 V                       ; 4.05e-08 V                   ; 2.72 V              ; -0.0349 V           ; 0.173 V                              ; 0.1 V                                ; 2.72e-10 s                  ; 2.69e-10 s                  ; Yes                        ; Yes                        ; 2.62 V                      ; 4.05e-08 V                  ; 2.72 V             ; -0.0349 V          ; 0.173 V                             ; 0.1 V                               ; 2.72e-10 s                 ; 2.69e-10 s                 ; Yes                       ; Yes                       ;
; client_mac[18]  ; 2.5 V        ; 0 s                 ; 0 s                 ; 2.62 V                       ; 4.05e-08 V                   ; 2.72 V              ; -0.0349 V           ; 0.173 V                              ; 0.1 V                                ; 2.72e-10 s                  ; 2.69e-10 s                  ; Yes                        ; Yes                        ; 2.62 V                      ; 4.05e-08 V                  ; 2.72 V             ; -0.0349 V          ; 0.173 V                             ; 0.1 V                               ; 2.72e-10 s                 ; 2.69e-10 s                 ; Yes                       ; Yes                       ;
; client_mac[19]  ; 2.5 V        ; 0 s                 ; 0 s                 ; 2.62 V                       ; 4.05e-08 V                   ; 2.72 V              ; -0.0349 V           ; 0.173 V                              ; 0.1 V                                ; 2.72e-10 s                  ; 2.69e-10 s                  ; Yes                        ; Yes                        ; 2.62 V                      ; 4.05e-08 V                  ; 2.72 V             ; -0.0349 V          ; 0.173 V                             ; 0.1 V                               ; 2.72e-10 s                 ; 2.69e-10 s                 ; Yes                       ; Yes                       ;
; client_mac[20]  ; 2.5 V        ; 0 s                 ; 0 s                 ; 2.62 V                       ; 4.05e-08 V                   ; 2.72 V              ; -0.0349 V           ; 0.173 V                              ; 0.1 V                                ; 2.72e-10 s                  ; 2.69e-10 s                  ; Yes                        ; Yes                        ; 2.62 V                      ; 4.05e-08 V                  ; 2.72 V             ; -0.0349 V          ; 0.173 V                             ; 0.1 V                               ; 2.72e-10 s                 ; 2.69e-10 s                 ; Yes                       ; Yes                       ;
; client_mac[21]  ; 2.5 V        ; 0 s                 ; 0 s                 ; 2.62 V                       ; 4.05e-08 V                   ; 2.72 V              ; -0.0349 V           ; 0.173 V                              ; 0.1 V                                ; 2.72e-10 s                  ; 2.69e-10 s                  ; Yes                        ; Yes                        ; 2.62 V                      ; 4.05e-08 V                  ; 2.72 V             ; -0.0349 V          ; 0.173 V                             ; 0.1 V                               ; 2.72e-10 s                 ; 2.69e-10 s                 ; Yes                       ; Yes                       ;
; client_mac[22]  ; 2.5 V        ; 0 s                 ; 0 s                 ; 2.62 V                       ; 4.05e-08 V                   ; 2.72 V              ; -0.0349 V           ; 0.173 V                              ; 0.1 V                                ; 2.72e-10 s                  ; 2.69e-10 s                  ; Yes                        ; Yes                        ; 2.62 V                      ; 4.05e-08 V                  ; 2.72 V             ; -0.0349 V          ; 0.173 V                             ; 0.1 V                               ; 2.72e-10 s                 ; 2.69e-10 s                 ; Yes                       ; Yes                       ;
; client_mac[23]  ; 2.5 V        ; 0 s                 ; 0 s                 ; 2.62 V                       ; 4.05e-08 V                   ; 2.72 V              ; -0.0349 V           ; 0.173 V                              ; 0.1 V                                ; 2.72e-10 s                  ; 2.69e-10 s                  ; Yes                        ; Yes                        ; 2.62 V                      ; 4.05e-08 V                  ; 2.72 V             ; -0.0349 V          ; 0.173 V                             ; 0.1 V                               ; 2.72e-10 s                 ; 2.69e-10 s                 ; Yes                       ; Yes                       ;
; client_mac[24]  ; 2.5 V        ; 0 s                 ; 0 s                 ; 2.62 V                       ; 2.74e-08 V                   ; 2.71 V              ; -0.0317 V           ; 0.148 V                              ; 0.064 V                              ; 4.51e-10 s                  ; 4.15e-10 s                  ; No                         ; Yes                        ; 2.62 V                      ; 2.74e-08 V                  ; 2.71 V             ; -0.0317 V          ; 0.148 V                             ; 0.064 V                             ; 4.51e-10 s                 ; 4.15e-10 s                 ; No                        ; Yes                       ;
; client_mac[25]  ; 2.5 V        ; 0 s                 ; 0 s                 ; 2.62 V                       ; 2.74e-08 V                   ; 2.71 V              ; -0.0317 V           ; 0.148 V                              ; 0.064 V                              ; 4.51e-10 s                  ; 4.15e-10 s                  ; No                         ; Yes                        ; 2.62 V                      ; 2.74e-08 V                  ; 2.71 V             ; -0.0317 V          ; 0.148 V                             ; 0.064 V                             ; 4.51e-10 s                 ; 4.15e-10 s                 ; No                        ; Yes                       ;
; client_mac[26]  ; 2.5 V        ; 0 s                 ; 0 s                 ; 2.62 V                       ; 4.05e-08 V                   ; 2.72 V              ; -0.0349 V           ; 0.173 V                              ; 0.1 V                                ; 2.72e-10 s                  ; 2.69e-10 s                  ; Yes                        ; Yes                        ; 2.62 V                      ; 4.05e-08 V                  ; 2.72 V             ; -0.0349 V          ; 0.173 V                             ; 0.1 V                               ; 2.72e-10 s                 ; 2.69e-10 s                 ; Yes                       ; Yes                       ;
; client_mac[27]  ; 2.5 V        ; 0 s                 ; 0 s                 ; 2.62 V                       ; 4.05e-08 V                   ; 2.72 V              ; -0.0349 V           ; 0.173 V                              ; 0.1 V                                ; 2.72e-10 s                  ; 2.69e-10 s                  ; Yes                        ; Yes                        ; 2.62 V                      ; 4.05e-08 V                  ; 2.72 V             ; -0.0349 V          ; 0.173 V                             ; 0.1 V                               ; 2.72e-10 s                 ; 2.69e-10 s                 ; Yes                       ; Yes                       ;
; client_mac[28]  ; 2.5 V        ; 0 s                 ; 0 s                 ; 2.62 V                       ; 4.05e-08 V                   ; 2.72 V              ; -0.0349 V           ; 0.173 V                              ; 0.1 V                                ; 2.72e-10 s                  ; 2.69e-10 s                  ; Yes                        ; Yes                        ; 2.62 V                      ; 4.05e-08 V                  ; 2.72 V             ; -0.0349 V          ; 0.173 V                             ; 0.1 V                               ; 2.72e-10 s                 ; 2.69e-10 s                 ; Yes                       ; Yes                       ;
; client_mac[29]  ; 2.5 V        ; 0 s                 ; 0 s                 ; 2.62 V                       ; 4.05e-08 V                   ; 2.72 V              ; -0.0349 V           ; 0.173 V                              ; 0.1 V                                ; 2.72e-10 s                  ; 2.69e-10 s                  ; Yes                        ; Yes                        ; 2.62 V                      ; 4.05e-08 V                  ; 2.72 V             ; -0.0349 V          ; 0.173 V                             ; 0.1 V                               ; 2.72e-10 s                 ; 2.69e-10 s                 ; Yes                       ; Yes                       ;
; client_mac[30]  ; 2.5 V        ; 0 s                 ; 0 s                 ; 2.62 V                       ; 4.05e-08 V                   ; 2.72 V              ; -0.0349 V           ; 0.173 V                              ; 0.1 V                                ; 2.72e-10 s                  ; 2.69e-10 s                  ; Yes                        ; Yes                        ; 2.62 V                      ; 4.05e-08 V                  ; 2.72 V             ; -0.0349 V          ; 0.173 V                             ; 0.1 V                               ; 2.72e-10 s                 ; 2.69e-10 s                 ; Yes                       ; Yes                       ;
; client_mac[31]  ; 2.5 V        ; 0 s                 ; 0 s                 ; 2.62 V                       ; 4.05e-08 V                   ; 2.72 V              ; -0.0349 V           ; 0.173 V                              ; 0.1 V                                ; 2.72e-10 s                  ; 2.69e-10 s                  ; Yes                        ; Yes                        ; 2.62 V                      ; 4.05e-08 V                  ; 2.72 V             ; -0.0349 V          ; 0.173 V                             ; 0.1 V                               ; 2.72e-10 s                 ; 2.69e-10 s                 ; Yes                       ; Yes                       ;
; client_mac[32]  ; 2.5 V        ; 0 s                 ; 0 s                 ; 2.62 V                       ; 4.05e-08 V                   ; 2.72 V              ; -0.0349 V           ; 0.173 V                              ; 0.1 V                                ; 2.72e-10 s                  ; 2.69e-10 s                  ; Yes                        ; Yes                        ; 2.62 V                      ; 4.05e-08 V                  ; 2.72 V             ; -0.0349 V          ; 0.173 V                             ; 0.1 V                               ; 2.72e-10 s                 ; 2.69e-10 s                 ; Yes                       ; Yes                       ;
; client_mac[33]  ; 2.5 V        ; 0 s                 ; 0 s                 ; 2.62 V                       ; 4.05e-08 V                   ; 2.72 V              ; -0.0349 V           ; 0.173 V                              ; 0.1 V                                ; 2.72e-10 s                  ; 2.69e-10 s                  ; Yes                        ; Yes                        ; 2.62 V                      ; 4.05e-08 V                  ; 2.72 V             ; -0.0349 V          ; 0.173 V                             ; 0.1 V                               ; 2.72e-10 s                 ; 2.69e-10 s                 ; Yes                       ; Yes                       ;
; client_mac[34]  ; 2.5 V        ; 0 s                 ; 0 s                 ; 2.62 V                       ; 4.05e-08 V                   ; 2.72 V              ; -0.0349 V           ; 0.173 V                              ; 0.1 V                                ; 2.72e-10 s                  ; 2.69e-10 s                  ; Yes                        ; Yes                        ; 2.62 V                      ; 4.05e-08 V                  ; 2.72 V             ; -0.0349 V          ; 0.173 V                             ; 0.1 V                               ; 2.72e-10 s                 ; 2.69e-10 s                 ; Yes                       ; Yes                       ;
; client_mac[35]  ; 2.5 V        ; 0 s                 ; 0 s                 ; 2.62 V                       ; 2.74e-08 V                   ; 2.71 V              ; -0.0317 V           ; 0.148 V                              ; 0.064 V                              ; 4.51e-10 s                  ; 4.15e-10 s                  ; No                         ; Yes                        ; 2.62 V                      ; 2.74e-08 V                  ; 2.71 V             ; -0.0317 V          ; 0.148 V                             ; 0.064 V                             ; 4.51e-10 s                 ; 4.15e-10 s                 ; No                        ; Yes                       ;
; client_mac[36]  ; 2.5 V        ; 0 s                 ; 0 s                 ; 2.62 V                       ; 4.05e-08 V                   ; 2.72 V              ; -0.0349 V           ; 0.173 V                              ; 0.1 V                                ; 2.72e-10 s                  ; 2.69e-10 s                  ; Yes                        ; Yes                        ; 2.62 V                      ; 4.05e-08 V                  ; 2.72 V             ; -0.0349 V          ; 0.173 V                             ; 0.1 V                               ; 2.72e-10 s                 ; 2.69e-10 s                 ; Yes                       ; Yes                       ;
; client_mac[37]  ; 2.5 V        ; 0 s                 ; 0 s                 ; 2.62 V                       ; 2.74e-08 V                   ; 2.73 V              ; -0.0384 V           ; 0.169 V                              ; 0.089 V                              ; 2.7e-10 s                   ; 2.62e-10 s                  ; Yes                        ; Yes                        ; 2.62 V                      ; 2.74e-08 V                  ; 2.73 V             ; -0.0384 V          ; 0.169 V                             ; 0.089 V                             ; 2.7e-10 s                  ; 2.62e-10 s                 ; Yes                       ; Yes                       ;
; client_mac[38]  ; 2.5 V        ; 0 s                 ; 0 s                 ; 2.62 V                       ; 4.05e-08 V                   ; 2.72 V              ; -0.0349 V           ; 0.173 V                              ; 0.1 V                                ; 2.72e-10 s                  ; 2.69e-10 s                  ; Yes                        ; Yes                        ; 2.62 V                      ; 4.05e-08 V                  ; 2.72 V             ; -0.0349 V          ; 0.173 V                             ; 0.1 V                               ; 2.72e-10 s                 ; 2.69e-10 s                 ; Yes                       ; Yes                       ;
; client_mac[39]  ; 2.5 V        ; 0 s                 ; 0 s                 ; 2.62 V                       ; 4.05e-08 V                   ; 2.72 V              ; -0.0349 V           ; 0.173 V                              ; 0.1 V                                ; 2.72e-10 s                  ; 2.69e-10 s                  ; Yes                        ; Yes                        ; 2.62 V                      ; 4.05e-08 V                  ; 2.72 V             ; -0.0349 V          ; 0.173 V                             ; 0.1 V                               ; 2.72e-10 s                 ; 2.69e-10 s                 ; Yes                       ; Yes                       ;
; client_mac[40]  ; 2.5 V        ; 0 s                 ; 0 s                 ; 2.62 V                       ; 4.05e-08 V                   ; 2.72 V              ; -0.0349 V           ; 0.173 V                              ; 0.1 V                                ; 2.72e-10 s                  ; 2.69e-10 s                  ; Yes                        ; Yes                        ; 2.62 V                      ; 4.05e-08 V                  ; 2.72 V             ; -0.0349 V          ; 0.173 V                             ; 0.1 V                               ; 2.72e-10 s                 ; 2.69e-10 s                 ; Yes                       ; Yes                       ;
; client_mac[41]  ; 2.5 V        ; 0 s                 ; 0 s                 ; 2.62 V                       ; 2.74e-08 V                   ; 2.71 V              ; -0.0317 V           ; 0.148 V                              ; 0.064 V                              ; 4.51e-10 s                  ; 4.15e-10 s                  ; No                         ; Yes                        ; 2.62 V                      ; 2.74e-08 V                  ; 2.71 V             ; -0.0317 V          ; 0.148 V                             ; 0.064 V                             ; 4.51e-10 s                 ; 4.15e-10 s                 ; No                        ; Yes                       ;
; client_mac[42]  ; 2.5 V        ; 0 s                 ; 0 s                 ; 2.62 V                       ; 4.05e-08 V                   ; 2.72 V              ; -0.0349 V           ; 0.173 V                              ; 0.1 V                                ; 2.72e-10 s                  ; 2.69e-10 s                  ; Yes                        ; Yes                        ; 2.62 V                      ; 4.05e-08 V                  ; 2.72 V             ; -0.0349 V          ; 0.173 V                             ; 0.1 V                               ; 2.72e-10 s                 ; 2.69e-10 s                 ; Yes                       ; Yes                       ;
; client_mac[43]  ; 2.5 V        ; 0 s                 ; 0 s                 ; 2.62 V                       ; 4.05e-08 V                   ; 2.72 V              ; -0.0349 V           ; 0.173 V                              ; 0.1 V                                ; 2.72e-10 s                  ; 2.69e-10 s                  ; Yes                        ; Yes                        ; 2.62 V                      ; 4.05e-08 V                  ; 2.72 V             ; -0.0349 V          ; 0.173 V                             ; 0.1 V                               ; 2.72e-10 s                 ; 2.69e-10 s                 ; Yes                       ; Yes                       ;
; client_mac[44]  ; 2.5 V        ; 0 s                 ; 0 s                 ; 2.62 V                       ; 4.05e-08 V                   ; 2.72 V              ; -0.0349 V           ; 0.173 V                              ; 0.1 V                                ; 2.72e-10 s                  ; 2.69e-10 s                  ; Yes                        ; Yes                        ; 2.62 V                      ; 4.05e-08 V                  ; 2.72 V             ; -0.0349 V          ; 0.173 V                             ; 0.1 V                               ; 2.72e-10 s                 ; 2.69e-10 s                 ; Yes                       ; Yes                       ;
; client_mac[45]  ; 2.5 V        ; 0 s                 ; 0 s                 ; 2.62 V                       ; 2.74e-08 V                   ; 2.71 V              ; -0.0317 V           ; 0.148 V                              ; 0.064 V                              ; 4.51e-10 s                  ; 4.15e-10 s                  ; No                         ; Yes                        ; 2.62 V                      ; 2.74e-08 V                  ; 2.71 V             ; -0.0317 V          ; 0.148 V                             ; 0.064 V                             ; 4.51e-10 s                 ; 4.15e-10 s                 ; No                        ; Yes                       ;
; client_mac[46]  ; 2.5 V        ; 0 s                 ; 0 s                 ; 2.62 V                       ; 4.05e-08 V                   ; 2.72 V              ; -0.0349 V           ; 0.173 V                              ; 0.1 V                                ; 2.72e-10 s                  ; 2.69e-10 s                  ; Yes                        ; Yes                        ; 2.62 V                      ; 4.05e-08 V                  ; 2.72 V             ; -0.0349 V          ; 0.173 V                             ; 0.1 V                               ; 2.72e-10 s                 ; 2.69e-10 s                 ; Yes                       ; Yes                       ;
; client_mac[47]  ; 2.5 V        ; 0 s                 ; 0 s                 ; 2.62 V                       ; 4.05e-08 V                   ; 2.72 V              ; -0.0349 V           ; 0.173 V                              ; 0.1 V                                ; 2.72e-10 s                  ; 2.69e-10 s                  ; Yes                        ; Yes                        ; 2.62 V                      ; 4.05e-08 V                  ; 2.72 V             ; -0.0349 V          ; 0.173 V                             ; 0.1 V                               ; 2.72e-10 s                 ; 2.69e-10 s                 ; Yes                       ; Yes                       ;
; client_ip[0]    ; 2.5 V        ; 0 s                 ; 0 s                 ; 2.62 V                       ; 4.05e-08 V                   ; 2.72 V              ; -0.0349 V           ; 0.173 V                              ; 0.1 V                                ; 2.72e-10 s                  ; 2.69e-10 s                  ; Yes                        ; Yes                        ; 2.62 V                      ; 4.05e-08 V                  ; 2.72 V             ; -0.0349 V          ; 0.173 V                             ; 0.1 V                               ; 2.72e-10 s                 ; 2.69e-10 s                 ; Yes                       ; Yes                       ;
; client_ip[1]    ; 2.5 V        ; 0 s                 ; 0 s                 ; 2.62 V                       ; 2.74e-08 V                   ; 2.71 V              ; -0.0317 V           ; 0.148 V                              ; 0.064 V                              ; 4.51e-10 s                  ; 4.15e-10 s                  ; No                         ; Yes                        ; 2.62 V                      ; 2.74e-08 V                  ; 2.71 V             ; -0.0317 V          ; 0.148 V                             ; 0.064 V                             ; 4.51e-10 s                 ; 4.15e-10 s                 ; No                        ; Yes                       ;
; client_ip[2]    ; 2.5 V        ; 0 s                 ; 0 s                 ; 2.62 V                       ; 2.74e-08 V                   ; 2.71 V              ; -0.0317 V           ; 0.148 V                              ; 0.064 V                              ; 4.51e-10 s                  ; 4.15e-10 s                  ; No                         ; Yes                        ; 2.62 V                      ; 2.74e-08 V                  ; 2.71 V             ; -0.0317 V          ; 0.148 V                             ; 0.064 V                             ; 4.51e-10 s                 ; 4.15e-10 s                 ; No                        ; Yes                       ;
; client_ip[3]    ; 2.5 V        ; 0 s                 ; 0 s                 ; 2.62 V                       ; 2.74e-08 V                   ; 2.71 V              ; -0.0317 V           ; 0.148 V                              ; 0.064 V                              ; 4.51e-10 s                  ; 4.15e-10 s                  ; No                         ; Yes                        ; 2.62 V                      ; 2.74e-08 V                  ; 2.71 V             ; -0.0317 V          ; 0.148 V                             ; 0.064 V                             ; 4.51e-10 s                 ; 4.15e-10 s                 ; No                        ; Yes                       ;
; client_ip[4]    ; 2.5 V        ; 0 s                 ; 0 s                 ; 2.62 V                       ; 4.05e-08 V                   ; 2.72 V              ; -0.0349 V           ; 0.173 V                              ; 0.1 V                                ; 2.72e-10 s                  ; 2.69e-10 s                  ; Yes                        ; Yes                        ; 2.62 V                      ; 4.05e-08 V                  ; 2.72 V             ; -0.0349 V          ; 0.173 V                             ; 0.1 V                               ; 2.72e-10 s                 ; 2.69e-10 s                 ; Yes                       ; Yes                       ;
; client_ip[5]    ; 2.5 V        ; 0 s                 ; 0 s                 ; 2.62 V                       ; 4.05e-08 V                   ; 2.72 V              ; -0.0349 V           ; 0.173 V                              ; 0.1 V                                ; 2.72e-10 s                  ; 2.69e-10 s                  ; Yes                        ; Yes                        ; 2.62 V                      ; 4.05e-08 V                  ; 2.72 V             ; -0.0349 V          ; 0.173 V                             ; 0.1 V                               ; 2.72e-10 s                 ; 2.69e-10 s                 ; Yes                       ; Yes                       ;
; client_ip[6]    ; 2.5 V        ; 0 s                 ; 0 s                 ; 2.62 V                       ; 4.05e-08 V                   ; 2.72 V              ; -0.0349 V           ; 0.173 V                              ; 0.1 V                                ; 2.72e-10 s                  ; 2.69e-10 s                  ; Yes                        ; Yes                        ; 2.62 V                      ; 4.05e-08 V                  ; 2.72 V             ; -0.0349 V          ; 0.173 V                             ; 0.1 V                               ; 2.72e-10 s                 ; 2.69e-10 s                 ; Yes                       ; Yes                       ;
; client_ip[7]    ; 2.5 V        ; 0 s                 ; 0 s                 ; 2.62 V                       ; 2.74e-08 V                   ; 2.73 V              ; -0.0384 V           ; 0.169 V                              ; 0.089 V                              ; 2.7e-10 s                   ; 2.62e-10 s                  ; Yes                        ; Yes                        ; 2.62 V                      ; 2.74e-08 V                  ; 2.73 V             ; -0.0384 V          ; 0.169 V                             ; 0.089 V                             ; 2.7e-10 s                  ; 2.62e-10 s                 ; Yes                       ; Yes                       ;
; client_ip[8]    ; 2.5 V        ; 0 s                 ; 0 s                 ; 2.62 V                       ; 4.05e-08 V                   ; 2.72 V              ; -0.0349 V           ; 0.173 V                              ; 0.1 V                                ; 2.72e-10 s                  ; 2.69e-10 s                  ; Yes                        ; Yes                        ; 2.62 V                      ; 4.05e-08 V                  ; 2.72 V             ; -0.0349 V          ; 0.173 V                             ; 0.1 V                               ; 2.72e-10 s                 ; 2.69e-10 s                 ; Yes                       ; Yes                       ;
; client_ip[9]    ; 2.5 V        ; 0 s                 ; 0 s                 ; 2.62 V                       ; 2.74e-08 V                   ; 2.71 V              ; -0.0317 V           ; 0.148 V                              ; 0.064 V                              ; 4.51e-10 s                  ; 4.15e-10 s                  ; No                         ; Yes                        ; 2.62 V                      ; 2.74e-08 V                  ; 2.71 V             ; -0.0317 V          ; 0.148 V                             ; 0.064 V                             ; 4.51e-10 s                 ; 4.15e-10 s                 ; No                        ; Yes                       ;
; client_ip[10]   ; 2.5 V        ; 0 s                 ; 0 s                 ; 2.62 V                       ; 4.05e-08 V                   ; 2.72 V              ; -0.0349 V           ; 0.173 V                              ; 0.1 V                                ; 2.72e-10 s                  ; 2.69e-10 s                  ; Yes                        ; Yes                        ; 2.62 V                      ; 4.05e-08 V                  ; 2.72 V             ; -0.0349 V          ; 0.173 V                             ; 0.1 V                               ; 2.72e-10 s                 ; 2.69e-10 s                 ; Yes                       ; Yes                       ;
; client_ip[11]   ; 2.5 V        ; 0 s                 ; 0 s                 ; 2.62 V                       ; 4.05e-08 V                   ; 2.72 V              ; -0.0349 V           ; 0.173 V                              ; 0.1 V                                ; 2.72e-10 s                  ; 2.69e-10 s                  ; Yes                        ; Yes                        ; 2.62 V                      ; 4.05e-08 V                  ; 2.72 V             ; -0.0349 V          ; 0.173 V                             ; 0.1 V                               ; 2.72e-10 s                 ; 2.69e-10 s                 ; Yes                       ; Yes                       ;
; client_ip[12]   ; 2.5 V        ; 0 s                 ; 0 s                 ; 2.62 V                       ; 2.74e-08 V                   ; 2.73 V              ; -0.0384 V           ; 0.169 V                              ; 0.089 V                              ; 2.7e-10 s                   ; 2.62e-10 s                  ; Yes                        ; Yes                        ; 2.62 V                      ; 2.74e-08 V                  ; 2.73 V             ; -0.0384 V          ; 0.169 V                             ; 0.089 V                             ; 2.7e-10 s                  ; 2.62e-10 s                 ; Yes                       ; Yes                       ;
; client_ip[13]   ; 2.5 V        ; 0 s                 ; 0 s                 ; 2.62 V                       ; 2.74e-08 V                   ; 2.73 V              ; -0.0384 V           ; 0.169 V                              ; 0.089 V                              ; 2.7e-10 s                   ; 2.62e-10 s                  ; Yes                        ; Yes                        ; 2.62 V                      ; 2.74e-08 V                  ; 2.73 V             ; -0.0384 V          ; 0.169 V                             ; 0.089 V                             ; 2.7e-10 s                  ; 2.62e-10 s                 ; Yes                       ; Yes                       ;
; client_ip[14]   ; 2.5 V        ; 0 s                 ; 0 s                 ; 2.62 V                       ; 2.74e-08 V                   ; 2.64 V              ; -0.0117 V           ; 0.202 V                              ; 0.176 V                              ; 2.38e-09 s                  ; 2.22e-09 s                  ; No                         ; Yes                        ; 2.62 V                      ; 2.74e-08 V                  ; 2.64 V             ; -0.0117 V          ; 0.202 V                             ; 0.176 V                             ; 2.38e-09 s                 ; 2.22e-09 s                 ; No                        ; Yes                       ;
; client_ip[15]   ; 2.5 V        ; 0 s                 ; 0 s                 ; 2.62 V                       ; 2.74e-08 V                   ; 2.73 V              ; -0.0384 V           ; 0.169 V                              ; 0.089 V                              ; 2.7e-10 s                   ; 2.62e-10 s                  ; Yes                        ; Yes                        ; 2.62 V                      ; 2.74e-08 V                  ; 2.73 V             ; -0.0384 V          ; 0.169 V                             ; 0.089 V                             ; 2.7e-10 s                  ; 2.62e-10 s                 ; Yes                       ; Yes                       ;
; client_ip[16]   ; 2.5 V        ; 0 s                 ; 0 s                 ; 2.62 V                       ; 2.74e-08 V                   ; 2.71 V              ; -0.0317 V           ; 0.148 V                              ; 0.064 V                              ; 4.51e-10 s                  ; 4.15e-10 s                  ; No                         ; Yes                        ; 2.62 V                      ; 2.74e-08 V                  ; 2.71 V             ; -0.0317 V          ; 0.148 V                             ; 0.064 V                             ; 4.51e-10 s                 ; 4.15e-10 s                 ; No                        ; Yes                       ;
; client_ip[17]   ; 2.5 V        ; 0 s                 ; 0 s                 ; 2.62 V                       ; 4.05e-08 V                   ; 2.72 V              ; -0.0349 V           ; 0.173 V                              ; 0.1 V                                ; 2.72e-10 s                  ; 2.69e-10 s                  ; Yes                        ; Yes                        ; 2.62 V                      ; 4.05e-08 V                  ; 2.72 V             ; -0.0349 V          ; 0.173 V                             ; 0.1 V                               ; 2.72e-10 s                 ; 2.69e-10 s                 ; Yes                       ; Yes                       ;
; client_ip[18]   ; 2.5 V        ; 0 s                 ; 0 s                 ; 2.62 V                       ; 4.05e-08 V                   ; 2.72 V              ; -0.0349 V           ; 0.173 V                              ; 0.1 V                                ; 2.72e-10 s                  ; 2.69e-10 s                  ; Yes                        ; Yes                        ; 2.62 V                      ; 4.05e-08 V                  ; 2.72 V             ; -0.0349 V          ; 0.173 V                             ; 0.1 V                               ; 2.72e-10 s                 ; 2.69e-10 s                 ; Yes                       ; Yes                       ;
; client_ip[19]   ; 2.5 V        ; 0 s                 ; 0 s                 ; 2.62 V                       ; 4.05e-08 V                   ; 2.72 V              ; -0.0349 V           ; 0.173 V                              ; 0.1 V                                ; 2.72e-10 s                  ; 2.69e-10 s                  ; Yes                        ; Yes                        ; 2.62 V                      ; 4.05e-08 V                  ; 2.72 V             ; -0.0349 V          ; 0.173 V                             ; 0.1 V                               ; 2.72e-10 s                 ; 2.69e-10 s                 ; Yes                       ; Yes                       ;
; client_ip[20]   ; 2.5 V        ; 0 s                 ; 0 s                 ; 2.62 V                       ; 2.74e-08 V                   ; 2.64 V              ; -0.0117 V           ; 0.202 V                              ; 0.176 V                              ; 2.38e-09 s                  ; 2.22e-09 s                  ; No                         ; Yes                        ; 2.62 V                      ; 2.74e-08 V                  ; 2.64 V             ; -0.0117 V          ; 0.202 V                             ; 0.176 V                             ; 2.38e-09 s                 ; 2.22e-09 s                 ; No                        ; Yes                       ;
; client_ip[21]   ; 2.5 V        ; 0 s                 ; 0 s                 ; 2.62 V                       ; 4.05e-08 V                   ; 2.72 V              ; -0.0349 V           ; 0.173 V                              ; 0.1 V                                ; 2.72e-10 s                  ; 2.69e-10 s                  ; Yes                        ; Yes                        ; 2.62 V                      ; 4.05e-08 V                  ; 2.72 V             ; -0.0349 V          ; 0.173 V                             ; 0.1 V                               ; 2.72e-10 s                 ; 2.69e-10 s                 ; Yes                       ; Yes                       ;
; client_ip[22]   ; 2.5 V        ; 0 s                 ; 0 s                 ; 2.62 V                       ; 4.05e-08 V                   ; 2.72 V              ; -0.0349 V           ; 0.173 V                              ; 0.1 V                                ; 2.72e-10 s                  ; 2.69e-10 s                  ; Yes                        ; Yes                        ; 2.62 V                      ; 4.05e-08 V                  ; 2.72 V             ; -0.0349 V          ; 0.173 V                             ; 0.1 V                               ; 2.72e-10 s                 ; 2.69e-10 s                 ; Yes                       ; Yes                       ;
; client_ip[23]   ; 2.5 V        ; 0 s                 ; 0 s                 ; 2.62 V                       ; 2.74e-08 V                   ; 2.71 V              ; -0.0317 V           ; 0.148 V                              ; 0.064 V                              ; 4.51e-10 s                  ; 4.15e-10 s                  ; No                         ; Yes                        ; 2.62 V                      ; 2.74e-08 V                  ; 2.71 V             ; -0.0317 V          ; 0.148 V                             ; 0.064 V                             ; 4.51e-10 s                 ; 4.15e-10 s                 ; No                        ; Yes                       ;
; client_ip[24]   ; 2.5 V        ; 0 s                 ; 0 s                 ; 2.62 V                       ; 2.74e-08 V                   ; 2.71 V              ; -0.0317 V           ; 0.148 V                              ; 0.064 V                              ; 4.51e-10 s                  ; 4.15e-10 s                  ; No                         ; Yes                        ; 2.62 V                      ; 2.74e-08 V                  ; 2.71 V             ; -0.0317 V          ; 0.148 V                             ; 0.064 V                             ; 4.51e-10 s                 ; 4.15e-10 s                 ; No                        ; Yes                       ;
; client_ip[25]   ; 2.5 V        ; 0 s                 ; 0 s                 ; 2.62 V                       ; 4.05e-08 V                   ; 2.72 V              ; -0.0349 V           ; 0.173 V                              ; 0.1 V                                ; 2.72e-10 s                  ; 2.69e-10 s                  ; Yes                        ; Yes                        ; 2.62 V                      ; 4.05e-08 V                  ; 2.72 V             ; -0.0349 V          ; 0.173 V                             ; 0.1 V                               ; 2.72e-10 s                 ; 2.69e-10 s                 ; Yes                       ; Yes                       ;
; client_ip[26]   ; 2.5 V        ; 0 s                 ; 0 s                 ; 2.62 V                       ; 4.05e-08 V                   ; 2.64 V              ; -0.0113 V           ; 0.208 V                              ; 0.179 V                              ; 2.38e-09 s                  ; 2.23e-09 s                  ; No                         ; Yes                        ; 2.62 V                      ; 4.05e-08 V                  ; 2.64 V             ; -0.0113 V          ; 0.208 V                             ; 0.179 V                             ; 2.38e-09 s                 ; 2.23e-09 s                 ; No                        ; Yes                       ;
; client_ip[27]   ; 2.5 V        ; 0 s                 ; 0 s                 ; 2.62 V                       ; 4.05e-08 V                   ; 2.72 V              ; -0.0349 V           ; 0.173 V                              ; 0.1 V                                ; 2.72e-10 s                  ; 2.69e-10 s                  ; Yes                        ; Yes                        ; 2.62 V                      ; 4.05e-08 V                  ; 2.72 V             ; -0.0349 V          ; 0.173 V                             ; 0.1 V                               ; 2.72e-10 s                 ; 2.69e-10 s                 ; Yes                       ; Yes                       ;
; client_ip[28]   ; 2.5 V        ; 0 s                 ; 0 s                 ; 2.62 V                       ; 2.74e-08 V                   ; 2.71 V              ; -0.0317 V           ; 0.148 V                              ; 0.064 V                              ; 4.51e-10 s                  ; 4.15e-10 s                  ; No                         ; Yes                        ; 2.62 V                      ; 2.74e-08 V                  ; 2.71 V             ; -0.0317 V          ; 0.148 V                             ; 0.064 V                             ; 4.51e-10 s                 ; 4.15e-10 s                 ; No                        ; Yes                       ;
; client_ip[29]   ; 2.5 V        ; 0 s                 ; 0 s                 ; 2.62 V                       ; 4.05e-08 V                   ; 2.72 V              ; -0.0349 V           ; 0.173 V                              ; 0.1 V                                ; 2.72e-10 s                  ; 2.69e-10 s                  ; Yes                        ; Yes                        ; 2.62 V                      ; 4.05e-08 V                  ; 2.72 V             ; -0.0349 V          ; 0.173 V                             ; 0.1 V                               ; 2.72e-10 s                 ; 2.69e-10 s                 ; Yes                       ; Yes                       ;
; client_ip[30]   ; 2.5 V        ; 0 s                 ; 0 s                 ; 2.62 V                       ; 4.05e-08 V                   ; 2.72 V              ; -0.0349 V           ; 0.173 V                              ; 0.1 V                                ; 2.72e-10 s                  ; 2.69e-10 s                  ; Yes                        ; Yes                        ; 2.62 V                      ; 4.05e-08 V                  ; 2.72 V             ; -0.0349 V          ; 0.173 V                             ; 0.1 V                               ; 2.72e-10 s                 ; 2.69e-10 s                 ; Yes                       ; Yes                       ;
; client_ip[31]   ; 2.5 V        ; 0 s                 ; 0 s                 ; 2.62 V                       ; 2.74e-08 V                   ; 2.71 V              ; -0.0317 V           ; 0.148 V                              ; 0.064 V                              ; 4.51e-10 s                  ; 4.15e-10 s                  ; No                         ; Yes                        ; 2.62 V                      ; 2.74e-08 V                  ; 2.71 V             ; -0.0317 V          ; 0.148 V                             ; 0.064 V                             ; 4.51e-10 s                 ; 4.15e-10 s                 ; No                        ; Yes                       ;
; client_port[0]  ; 2.5 V        ; 0 s                 ; 0 s                 ; 2.62 V                       ; 4.05e-08 V                   ; 2.72 V              ; -0.0349 V           ; 0.173 V                              ; 0.1 V                                ; 2.72e-10 s                  ; 2.69e-10 s                  ; Yes                        ; Yes                        ; 2.62 V                      ; 4.05e-08 V                  ; 2.72 V             ; -0.0349 V          ; 0.173 V                             ; 0.1 V                               ; 2.72e-10 s                 ; 2.69e-10 s                 ; Yes                       ; Yes                       ;
; client_port[1]  ; 2.5 V        ; 0 s                 ; 0 s                 ; 2.62 V                       ; 4.05e-08 V                   ; 2.64 V              ; -0.0113 V           ; 0.208 V                              ; 0.179 V                              ; 2.38e-09 s                  ; 2.23e-09 s                  ; No                         ; Yes                        ; 2.62 V                      ; 4.05e-08 V                  ; 2.64 V             ; -0.0113 V          ; 0.208 V                             ; 0.179 V                             ; 2.38e-09 s                 ; 2.23e-09 s                 ; No                        ; Yes                       ;
; client_port[2]  ; 2.5 V        ; 0 s                 ; 0 s                 ; 2.62 V                       ; 4.05e-08 V                   ; 2.72 V              ; -0.0349 V           ; 0.173 V                              ; 0.1 V                                ; 2.72e-10 s                  ; 2.69e-10 s                  ; Yes                        ; Yes                        ; 2.62 V                      ; 4.05e-08 V                  ; 2.72 V             ; -0.0349 V          ; 0.173 V                             ; 0.1 V                               ; 2.72e-10 s                 ; 2.69e-10 s                 ; Yes                       ; Yes                       ;
; client_port[3]  ; 2.5 V        ; 0 s                 ; 0 s                 ; 2.62 V                       ; 2.74e-08 V                   ; 2.71 V              ; -0.0317 V           ; 0.148 V                              ; 0.064 V                              ; 4.51e-10 s                  ; 4.15e-10 s                  ; No                         ; Yes                        ; 2.62 V                      ; 2.74e-08 V                  ; 2.71 V             ; -0.0317 V          ; 0.148 V                             ; 0.064 V                             ; 4.51e-10 s                 ; 4.15e-10 s                 ; No                        ; Yes                       ;
; client_port[4]  ; 2.5 V        ; 0 s                 ; 0 s                 ; 2.62 V                       ; 4.05e-08 V                   ; 2.72 V              ; -0.0349 V           ; 0.173 V                              ; 0.1 V                                ; 2.72e-10 s                  ; 2.69e-10 s                  ; Yes                        ; Yes                        ; 2.62 V                      ; 4.05e-08 V                  ; 2.72 V             ; -0.0349 V          ; 0.173 V                             ; 0.1 V                               ; 2.72e-10 s                 ; 2.69e-10 s                 ; Yes                       ; Yes                       ;
; client_port[5]  ; 2.5 V        ; 0 s                 ; 0 s                 ; 2.62 V                       ; 4.05e-08 V                   ; 2.72 V              ; -0.0349 V           ; 0.173 V                              ; 0.1 V                                ; 2.72e-10 s                  ; 2.69e-10 s                  ; Yes                        ; Yes                        ; 2.62 V                      ; 4.05e-08 V                  ; 2.72 V             ; -0.0349 V          ; 0.173 V                             ; 0.1 V                               ; 2.72e-10 s                 ; 2.69e-10 s                 ; Yes                       ; Yes                       ;
; client_port[6]  ; 2.5 V        ; 0 s                 ; 0 s                 ; 2.62 V                       ; 2.74e-08 V                   ; 2.71 V              ; -0.0317 V           ; 0.148 V                              ; 0.064 V                              ; 4.51e-10 s                  ; 4.15e-10 s                  ; No                         ; Yes                        ; 2.62 V                      ; 2.74e-08 V                  ; 2.71 V             ; -0.0317 V          ; 0.148 V                             ; 0.064 V                             ; 4.51e-10 s                 ; 4.15e-10 s                 ; No                        ; Yes                       ;
; client_port[7]  ; 2.5 V        ; 0 s                 ; 0 s                 ; 2.62 V                       ; 2.74e-08 V                   ; 2.73 V              ; -0.0384 V           ; 0.169 V                              ; 0.089 V                              ; 2.7e-10 s                   ; 2.62e-10 s                  ; Yes                        ; Yes                        ; 2.62 V                      ; 2.74e-08 V                  ; 2.73 V             ; -0.0384 V          ; 0.169 V                             ; 0.089 V                             ; 2.7e-10 s                  ; 2.62e-10 s                 ; Yes                       ; Yes                       ;
; client_port[8]  ; 2.5 V        ; 0 s                 ; 0 s                 ; 2.62 V                       ; 4.05e-08 V                   ; 2.72 V              ; -0.0349 V           ; 0.173 V                              ; 0.1 V                                ; 2.72e-10 s                  ; 2.69e-10 s                  ; Yes                        ; Yes                        ; 2.62 V                      ; 4.05e-08 V                  ; 2.72 V             ; -0.0349 V          ; 0.173 V                             ; 0.1 V                               ; 2.72e-10 s                 ; 2.69e-10 s                 ; Yes                       ; Yes                       ;
; client_port[9]  ; 2.5 V        ; 0 s                 ; 0 s                 ; 2.62 V                       ; 2.74e-08 V                   ; 2.71 V              ; -0.0317 V           ; 0.148 V                              ; 0.064 V                              ; 4.51e-10 s                  ; 4.15e-10 s                  ; No                         ; Yes                        ; 2.62 V                      ; 2.74e-08 V                  ; 2.71 V             ; -0.0317 V          ; 0.148 V                             ; 0.064 V                             ; 4.51e-10 s                 ; 4.15e-10 s                 ; No                        ; Yes                       ;
; client_port[10] ; 2.5 V        ; 0 s                 ; 0 s                 ; 2.62 V                       ; 4.05e-08 V                   ; 2.72 V              ; -0.0349 V           ; 0.173 V                              ; 0.1 V                                ; 2.72e-10 s                  ; 2.69e-10 s                  ; Yes                        ; Yes                        ; 2.62 V                      ; 4.05e-08 V                  ; 2.72 V             ; -0.0349 V          ; 0.173 V                             ; 0.1 V                               ; 2.72e-10 s                 ; 2.69e-10 s                 ; Yes                       ; Yes                       ;
; client_port[11] ; 2.5 V        ; 0 s                 ; 0 s                 ; 2.62 V                       ; 2.74e-08 V                   ; 2.71 V              ; -0.0317 V           ; 0.148 V                              ; 0.064 V                              ; 4.51e-10 s                  ; 4.15e-10 s                  ; No                         ; Yes                        ; 2.62 V                      ; 2.74e-08 V                  ; 2.71 V             ; -0.0317 V          ; 0.148 V                             ; 0.064 V                             ; 4.51e-10 s                 ; 4.15e-10 s                 ; No                        ; Yes                       ;
; client_port[12] ; 2.5 V        ; 0 s                 ; 0 s                 ; 2.62 V                       ; 4.05e-08 V                   ; 2.72 V              ; -0.0349 V           ; 0.173 V                              ; 0.1 V                                ; 2.72e-10 s                  ; 2.69e-10 s                  ; Yes                        ; Yes                        ; 2.62 V                      ; 4.05e-08 V                  ; 2.72 V             ; -0.0349 V          ; 0.173 V                             ; 0.1 V                               ; 2.72e-10 s                 ; 2.69e-10 s                 ; Yes                       ; Yes                       ;
; client_port[13] ; 2.5 V        ; 0 s                 ; 0 s                 ; 2.62 V                       ; 4.05e-08 V                   ; 2.72 V              ; -0.0349 V           ; 0.173 V                              ; 0.1 V                                ; 2.72e-10 s                  ; 2.69e-10 s                  ; Yes                        ; Yes                        ; 2.62 V                      ; 4.05e-08 V                  ; 2.72 V             ; -0.0349 V          ; 0.173 V                             ; 0.1 V                               ; 2.72e-10 s                 ; 2.69e-10 s                 ; Yes                       ; Yes                       ;
; client_port[14] ; 2.5 V        ; 0 s                 ; 0 s                 ; 2.62 V                       ; 4.05e-08 V                   ; 2.72 V              ; -0.0349 V           ; 0.173 V                              ; 0.1 V                                ; 2.72e-10 s                  ; 2.69e-10 s                  ; Yes                        ; Yes                        ; 2.62 V                      ; 4.05e-08 V                  ; 2.72 V             ; -0.0349 V          ; 0.173 V                             ; 0.1 V                               ; 2.72e-10 s                 ; 2.69e-10 s                 ; Yes                       ; Yes                       ;
; client_port[15] ; 2.5 V        ; 0 s                 ; 0 s                 ; 2.62 V                       ; 4.05e-08 V                   ; 2.72 V              ; -0.0349 V           ; 0.173 V                              ; 0.1 V                                ; 2.72e-10 s                  ; 2.69e-10 s                  ; Yes                        ; Yes                        ; 2.62 V                      ; 4.05e-08 V                  ; 2.72 V             ; -0.0349 V          ; 0.173 V                             ; 0.1 V                               ; 2.72e-10 s                 ; 2.69e-10 s                 ; Yes                       ; Yes                       ;
; in_ready        ; 2.5 V        ; 0 s                 ; 0 s                 ; 2.62 V                       ; 2.74e-08 V                   ; 2.73 V              ; -0.0384 V           ; 0.169 V                              ; 0.089 V                              ; 2.7e-10 s                   ; 2.62e-10 s                  ; Yes                        ; Yes                        ; 2.62 V                      ; 2.74e-08 V                  ; 2.73 V             ; -0.0384 V          ; 0.169 V                             ; 0.089 V                             ; 2.7e-10 s                  ; 2.62e-10 s                 ; Yes                       ; Yes                       ;
; out_data[0]     ; 2.5 V        ; 0 s                 ; 0 s                 ; 2.62 V                       ; 2.74e-08 V                   ; 2.73 V              ; -0.0384 V           ; 0.169 V                              ; 0.089 V                              ; 2.7e-10 s                   ; 2.62e-10 s                  ; Yes                        ; Yes                        ; 2.62 V                      ; 2.74e-08 V                  ; 2.73 V             ; -0.0384 V          ; 0.169 V                             ; 0.089 V                             ; 2.7e-10 s                  ; 2.62e-10 s                 ; Yes                       ; Yes                       ;
; out_data[1]     ; 2.5 V        ; 0 s                 ; 0 s                 ; 2.62 V                       ; 4.05e-08 V                   ; 2.72 V              ; -0.0349 V           ; 0.173 V                              ; 0.1 V                                ; 2.72e-10 s                  ; 2.69e-10 s                  ; Yes                        ; Yes                        ; 2.62 V                      ; 4.05e-08 V                  ; 2.72 V             ; -0.0349 V          ; 0.173 V                             ; 0.1 V                               ; 2.72e-10 s                 ; 2.69e-10 s                 ; Yes                       ; Yes                       ;
; out_data[2]     ; 2.5 V        ; 0 s                 ; 0 s                 ; 2.62 V                       ; 4.05e-08 V                   ; 2.72 V              ; -0.0349 V           ; 0.173 V                              ; 0.1 V                                ; 2.72e-10 s                  ; 2.69e-10 s                  ; Yes                        ; Yes                        ; 2.62 V                      ; 4.05e-08 V                  ; 2.72 V             ; -0.0349 V          ; 0.173 V                             ; 0.1 V                               ; 2.72e-10 s                 ; 2.69e-10 s                 ; Yes                       ; Yes                       ;
; out_data[3]     ; 2.5 V        ; 0 s                 ; 0 s                 ; 2.62 V                       ; 2.74e-08 V                   ; 2.64 V              ; -0.0117 V           ; 0.202 V                              ; 0.176 V                              ; 2.38e-09 s                  ; 2.22e-09 s                  ; No                         ; Yes                        ; 2.62 V                      ; 2.74e-08 V                  ; 2.64 V             ; -0.0117 V          ; 0.202 V                             ; 0.176 V                             ; 2.38e-09 s                 ; 2.22e-09 s                 ; No                        ; Yes                       ;
; out_data[4]     ; 2.5 V        ; 0 s                 ; 0 s                 ; 2.62 V                       ; 4.05e-08 V                   ; 2.72 V              ; -0.0349 V           ; 0.173 V                              ; 0.1 V                                ; 2.72e-10 s                  ; 2.69e-10 s                  ; Yes                        ; Yes                        ; 2.62 V                      ; 4.05e-08 V                  ; 2.72 V             ; -0.0349 V          ; 0.173 V                             ; 0.1 V                               ; 2.72e-10 s                 ; 2.69e-10 s                 ; Yes                       ; Yes                       ;
; out_data[5]     ; 2.5 V        ; 0 s                 ; 0 s                 ; 2.62 V                       ; 4.05e-08 V                   ; 2.72 V              ; -0.0349 V           ; 0.173 V                              ; 0.1 V                                ; 2.72e-10 s                  ; 2.69e-10 s                  ; Yes                        ; Yes                        ; 2.62 V                      ; 4.05e-08 V                  ; 2.72 V             ; -0.0349 V          ; 0.173 V                             ; 0.1 V                               ; 2.72e-10 s                 ; 2.69e-10 s                 ; Yes                       ; Yes                       ;
; out_data[6]     ; 2.5 V        ; 0 s                 ; 0 s                 ; 2.62 V                       ; 4.05e-08 V                   ; 2.72 V              ; -0.0349 V           ; 0.173 V                              ; 0.1 V                                ; 2.72e-10 s                  ; 2.69e-10 s                  ; Yes                        ; Yes                        ; 2.62 V                      ; 4.05e-08 V                  ; 2.72 V             ; -0.0349 V          ; 0.173 V                             ; 0.1 V                               ; 2.72e-10 s                 ; 2.69e-10 s                 ; Yes                       ; Yes                       ;
; out_data[7]     ; 2.5 V        ; 0 s                 ; 0 s                 ; 2.62 V                       ; 4.05e-08 V                   ; 2.72 V              ; -0.0349 V           ; 0.173 V                              ; 0.1 V                                ; 2.72e-10 s                  ; 2.69e-10 s                  ; Yes                        ; Yes                        ; 2.62 V                      ; 4.05e-08 V                  ; 2.72 V             ; -0.0349 V          ; 0.173 V                             ; 0.1 V                               ; 2.72e-10 s                 ; 2.69e-10 s                 ; Yes                       ; Yes                       ;
; out_valid       ; 2.5 V        ; 0 s                 ; 0 s                 ; 2.62 V                       ; 2.74e-08 V                   ; 2.73 V              ; -0.0384 V           ; 0.169 V                              ; 0.089 V                              ; 2.7e-10 s                   ; 2.62e-10 s                  ; Yes                        ; Yes                        ; 2.62 V                      ; 2.74e-08 V                  ; 2.73 V             ; -0.0384 V          ; 0.169 V                             ; 0.089 V                             ; 2.7e-10 s                  ; 2.62e-10 s                 ; Yes                       ; Yes                       ;
; out_sop         ; 2.5 V        ; 0 s                 ; 0 s                 ; 2.62 V                       ; 2.74e-08 V                   ; 2.71 V              ; -0.0317 V           ; 0.148 V                              ; 0.064 V                              ; 4.51e-10 s                  ; 4.15e-10 s                  ; No                         ; Yes                        ; 2.62 V                      ; 2.74e-08 V                  ; 2.71 V             ; -0.0317 V          ; 0.148 V                             ; 0.064 V                             ; 4.51e-10 s                 ; 4.15e-10 s                 ; No                        ; Yes                       ;
; out_eop         ; 2.5 V        ; 0 s                 ; 0 s                 ; 2.62 V                       ; 2.74e-08 V                   ; 2.73 V              ; -0.0384 V           ; 0.169 V                              ; 0.089 V                              ; 2.7e-10 s                   ; 2.62e-10 s                  ; Yes                        ; Yes                        ; 2.62 V                      ; 2.74e-08 V                  ; 2.73 V             ; -0.0384 V          ; 0.169 V                             ; 0.089 V                             ; 2.7e-10 s                  ; 2.62e-10 s                 ; Yes                       ; Yes                       ;
; ~ALTERA_DCLK~   ; 2.5 V        ; 0 s                 ; 0 s                 ; 2.62 V                       ; 2.22e-08 V                   ; 2.74 V              ; -0.06 V             ; 0.158 V                              ; 0.08 V                               ; 2.68e-10 s                  ; 2.19e-10 s                  ; Yes                        ; Yes                        ; 2.62 V                      ; 2.22e-08 V                  ; 2.74 V             ; -0.06 V            ; 0.158 V                             ; 0.08 V                              ; 2.68e-10 s                 ; 2.19e-10 s                 ; Yes                       ; Yes                       ;
; ~ALTERA_nCEO~   ; 2.5 V        ; 0 s                 ; 0 s                 ; 2.62 V                       ; 3.54e-08 V                   ; 2.7 V               ; -0.00943 V          ; 0.276 V                              ; 0.035 V                              ; 3.19e-10 s                  ; 4.99e-10 s                  ; No                         ; Yes                        ; 2.62 V                      ; 3.54e-08 V                  ; 2.7 V              ; -0.00943 V         ; 0.276 V                             ; 0.035 V                             ; 3.19e-10 s                 ; 4.99e-10 s                 ; No                        ; Yes                       ;
+-----------------+--------------+---------------------+---------------------+------------------------------+------------------------------+---------------------+---------------------+--------------------------------------+--------------------------------------+-----------------------------+-----------------------------+----------------------------+----------------------------+-----------------------------+-----------------------------+--------------------+--------------------+-------------------------------------+-------------------------------------+----------------------------+----------------------------+---------------------------+---------------------------+


+-------------------------------------------------------------------+
; Setup Transfers                                                   ;
+------------+----------+----------+----------+----------+----------+
; From Clock ; To Clock ; RR Paths ; FR Paths ; RF Paths ; FF Paths ;
+------------+----------+----------+----------+----------+----------+
; clock      ; clock    ; 2045     ; 0        ; 0        ; 0        ;
+------------+----------+----------+----------+----------+----------+
Entries labeled "false path" only account for clock-to-clock false paths and not path-based false paths. As a result, actual path counts may be lower than reported.


+-------------------------------------------------------------------+
; Hold Transfers                                                    ;
+------------+----------+----------+----------+----------+----------+
; From Clock ; To Clock ; RR Paths ; FR Paths ; RF Paths ; FF Paths ;
+------------+----------+----------+----------+----------+----------+
; clock      ; clock    ; 2045     ; 0        ; 0        ; 0        ;
+------------+----------+----------+----------+----------+----------+
Entries labeled "false path" only account for clock-to-clock false paths and not path-based false paths. As a result, actual path counts may be lower than reported.


---------------
; Report TCCS ;
---------------
No dedicated SERDES Transmitter circuitry present in device or used in design


---------------
; Report RSKM ;
---------------
No non-DPA dedicated SERDES Receiver circuitry present in device or used in design


+------------------------------------------------+
; Unconstrained Paths Summary                    ;
+---------------------------------+-------+------+
; Property                        ; Setup ; Hold ;
+---------------------------------+-------+------+
; Illegal Clocks                  ; 0     ; 0    ;
; Unconstrained Clocks            ; 0     ; 0    ;
; Unconstrained Input Ports       ; 13    ; 13   ;
; Unconstrained Input Port Paths  ; 503   ; 503  ;
; Unconstrained Output Ports      ; 103   ; 103  ;
; Unconstrained Output Port Paths ; 117   ; 117  ;
+---------------------------------+-------+------+


+-------------------------------------+
; Clock Status Summary                ;
+--------+-------+------+-------------+
; Target ; Clock ; Type ; Status      ;
+--------+-------+------+-------------+
; clock  ; clock ; Base ; Constrained ;
+--------+-------+------+-------------+


+---------------------------------------------------------------------------------------------------+
; Unconstrained Input Ports                                                                         ;
+------------+--------------------------------------------------------------------------------------+
; Input Port ; Comment                                                                              ;
+------------+--------------------------------------------------------------------------------------+
; in_data[0] ; No input delay, min/max delays, false-path exceptions, or max skew assignments found ;
; in_data[1] ; No input delay, min/max delays, false-path exceptions, or max skew assignments found ;
; in_data[2] ; No input delay, min/max delays, false-path exceptions, or max skew assignments found ;
; in_data[3] ; No input delay, min/max delays, false-path exceptions, or max skew assignments found ;
; in_data[4] ; No input delay, min/max delays, false-path exceptions, or max skew assignments found ;
; in_data[5] ; No input delay, min/max delays, false-path exceptions, or max skew assignments found ;
; in_data[6] ; No input delay, min/max delays, false-path exceptions, or max skew assignments found ;
; in_data[7] ; No input delay, min/max delays, false-path exceptions, or max skew assignments found ;
; in_eop     ; No input delay, min/max delays, false-path exceptions, or max skew assignments found ;
; in_sop     ; No input delay, min/max delays, false-path exceptions, or max skew assignments found ;
; in_valid   ; No input delay, min/max delays, false-path exceptions, or max skew assignments found ;
; out_ready  ; No input delay, min/max delays, false-path exceptions, or max skew assignments found ;
; reset      ; No input delay, min/max delays, false-path exceptions, or max skew assignments found ;
+------------+--------------------------------------------------------------------------------------+


+---------------------------------------------------------------------------------------------------------+
; Unconstrained Output Ports                                                                              ;
+-----------------+---------------------------------------------------------------------------------------+
; Output Port     ; Comment                                                                               ;
+-----------------+---------------------------------------------------------------------------------------+
; client_ip[0]    ; No output delay, min/max delays, false-path exceptions, or max skew assignments found ;
; client_ip[1]    ; No output delay, min/max delays, false-path exceptions, or max skew assignments found ;
; client_ip[2]    ; No output delay, min/max delays, false-path exceptions, or max skew assignments found ;
; client_ip[3]    ; No output delay, min/max delays, false-path exceptions, or max skew assignments found ;
; client_ip[4]    ; No output delay, min/max delays, false-path exceptions, or max skew assignments found ;
; client_ip[5]    ; No output delay, min/max delays, false-path exceptions, or max skew assignments found ;
; client_ip[6]    ; No output delay, min/max delays, false-path exceptions, or max skew assignments found ;
; client_ip[7]    ; No output delay, min/max delays, false-path exceptions, or max skew assignments found ;
; client_ip[8]    ; No output delay, min/max delays, false-path exceptions, or max skew assignments found ;
; client_ip[9]    ; No output delay, min/max delays, false-path exceptions, or max skew assignments found ;
; client_ip[10]   ; No output delay, min/max delays, false-path exceptions, or max skew assignments found ;
; client_ip[11]   ; No output delay, min/max delays, false-path exceptions, or max skew assignments found ;
; client_ip[12]   ; No output delay, min/max delays, false-path exceptions, or max skew assignments found ;
; client_ip[13]   ; No output delay, min/max delays, false-path exceptions, or max skew assignments found ;
; client_ip[14]   ; No output delay, min/max delays, false-path exceptions, or max skew assignments found ;
; client_ip[15]   ; No output delay, min/max delays, false-path exceptions, or max skew assignments found ;
; client_ip[16]   ; No output delay, min/max delays, false-path exceptions, or max skew assignments found ;
; client_ip[17]   ; No output delay, min/max delays, false-path exceptions, or max skew assignments found ;
; client_ip[18]   ; No output delay, min/max delays, false-path exceptions, or max skew assignments found ;
; client_ip[19]   ; No output delay, min/max delays, false-path exceptions, or max skew assignments found ;
; client_ip[20]   ; No output delay, min/max delays, false-path exceptions, or max skew assignments found ;
; client_ip[21]   ; No output delay, min/max delays, false-path exceptions, or max skew assignments found ;
; client_ip[22]   ; No output delay, min/max delays, false-path exceptions, or max skew assignments found ;
; client_ip[23]   ; No output delay, min/max delays, false-path exceptions, or max skew assignments found ;
; client_ip[24]   ; No output delay, min/max delays, false-path exceptions, or max skew assignments found ;
; client_ip[25]   ; No output delay, min/max delays, false-path exceptions, or max skew assignments found ;
; client_ip[26]   ; No output delay, min/max delays, false-path exceptions, or max skew assignments found ;
; client_ip[27]   ; No output delay, min/max delays, false-path exceptions, or max skew assignments found ;
; client_ip[28]   ; No output delay, min/max delays, false-path exceptions, or max skew assignments found ;
; client_ip[29]   ; No output delay, min/max delays, false-path exceptions, or max skew assignments found ;
; client_ip[30]   ; No output delay, min/max delays, false-path exceptions, or max skew assignments found ;
; client_ip[31]   ; No output delay, min/max delays, false-path exceptions, or max skew assignments found ;
; client_mac[0]   ; No output delay, min/max delays, false-path exceptions, or max skew assignments found ;
; client_mac[1]   ; No output delay, min/max delays, false-path exceptions, or max skew assignments found ;
; client_mac[2]   ; No output delay, min/max delays, false-path exceptions, or max skew assignments found ;
; client_mac[3]   ; No output delay, min/max delays, false-path exceptions, or max skew assignments found ;
; client_mac[4]   ; No output delay, min/max delays, false-path exceptions, or max skew assignments found ;
; client_mac[5]   ; No output delay, min/max delays, false-path exceptions, or max skew assignments found ;
; client_mac[6]   ; No output delay, min/max delays, false-path exceptions, or max skew assignments found ;
; client_mac[7]   ; No output delay, min/max delays, false-path exceptions, or max skew assignments found ;
; client_mac[8]   ; No output delay, min/max delays, false-path exceptions, or max skew assignments found ;
; client_mac[9]   ; No output delay, min/max delays, false-path exceptions, or max skew assignments found ;
; client_mac[10]  ; No output delay, min/max delays, false-path exceptions, or max skew assignments found ;
; client_mac[11]  ; No output delay, min/max delays, false-path exceptions, or max skew assignments found ;
; client_mac[12]  ; No output delay, min/max delays, false-path exceptions, or max skew assignments found ;
; client_mac[13]  ; No output delay, min/max delays, false-path exceptions, or max skew assignments found ;
; client_mac[14]  ; No output delay, min/max delays, false-path exceptions, or max skew assignments found ;
; client_mac[15]  ; No output delay, min/max delays, false-path exceptions, or max skew assignments found ;
; client_mac[16]  ; No output delay, min/max delays, false-path exceptions, or max skew assignments found ;
; client_mac[17]  ; No output delay, min/max delays, false-path exceptions, or max skew assignments found ;
; client_mac[18]  ; No output delay, min/max delays, false-path exceptions, or max skew assignments found ;
; client_mac[19]  ; No output delay, min/max delays, false-path exceptions, or max skew assignments found ;
; client_mac[20]  ; No output delay, min/max delays, false-path exceptions, or max skew assignments found ;
; client_mac[21]  ; No output delay, min/max delays, false-path exceptions, or max skew assignments found ;
; client_mac[22]  ; No output delay, min/max delays, false-path exceptions, or max skew assignments found ;
; client_mac[23]  ; No output delay, min/max delays, false-path exceptions, or max skew assignments found ;
; client_mac[24]  ; No output delay, min/max delays, false-path exceptions, or max skew assignments found ;
; client_mac[25]  ; No output delay, min/max delays, false-path exceptions, or max skew assignments found ;
; client_mac[26]  ; No output delay, min/max delays, false-path exceptions, or max skew assignments found ;
; client_mac[27]  ; No output delay, min/max delays, false-path exceptions, or max skew assignments found ;
; client_mac[28]  ; No output delay, min/max delays, false-path exceptions, or max skew assignments found ;
; client_mac[29]  ; No output delay, min/max delays, false-path exceptions, or max skew assignments found ;
; client_mac[30]  ; No output delay, min/max delays, false-path exceptions, or max skew assignments found ;
; client_mac[31]  ; No output delay, min/max delays, false-path exceptions, or max skew assignments found ;
; client_mac[32]  ; No output delay, min/max delays, false-path exceptions, or max skew assignments found ;
; client_mac[33]  ; No output delay, min/max delays, false-path exceptions, or max skew assignments found ;
; client_mac[34]  ; No output delay, min/max delays, false-path exceptions, or max skew assignments found ;
; client_mac[35]  ; No output delay, min/max delays, false-path exceptions, or max skew assignments found ;
; client_mac[36]  ; No output delay, min/max delays, false-path exceptions, or max skew assignments found ;
; client_mac[37]  ; No output delay, min/max delays, false-path exceptions, or max skew assignments found ;
; client_mac[38]  ; No output delay, min/max delays, false-path exceptions, or max skew assignments found ;
; client_mac[39]  ; No output delay, min/max delays, false-path exceptions, or max skew assignments found ;
; client_mac[40]  ; No output delay, min/max delays, false-path exceptions, or max skew assignments found ;
; client_mac[41]  ; No output delay, min/max delays, false-path exceptions, or max skew assignments found ;
; client_mac[42]  ; No output delay, min/max delays, false-path exceptions, or max skew assignments found ;
; client_mac[43]  ; No output delay, min/max delays, false-path exceptions, or max skew assignments found ;
; client_mac[44]  ; No output delay, min/max delays, false-path exceptions, or max skew assignments found ;
; client_mac[45]  ; No output delay, min/max delays, false-path exceptions, or max skew assignments found ;
; client_mac[46]  ; No output delay, min/max delays, false-path exceptions, or max skew assignments found ;
; client_mac[47]  ; No output delay, min/max delays, false-path exceptions, or max skew assignments found ;
; client_port[0]  ; No output delay, min/max delays, false-path exceptions, or max skew assignments found ;
; client_port[1]  ; No output delay, min/max delays, false-path exceptions, or max skew assignments found ;
; client_port[2]  ; No output delay, min/max delays, false-path exceptions, or max skew assignments found ;
; client_port[3]  ; No output delay, min/max delays, false-path exceptions, or max skew assignments found ;
; client_port[4]  ; No output delay, min/max delays, false-path exceptions, or max skew assignments found ;
; client_port[5]  ; No output delay, min/max delays, false-path exceptions, or max skew assignments found ;
; client_port[6]  ; No output delay, min/max delays, false-path exceptions, or max skew assignments found ;
; client_port[7]  ; No output delay, min/max delays, false-path exceptions, or max skew assignments found ;
; client_port[8]  ; No output delay, min/max delays, false-path exceptions, or max skew assignments found ;
; client_port[9]  ; No output delay, min/max delays, false-path exceptions, or max skew assignments found ;
; client_port[10] ; No output delay, min/max delays, false-path exceptions, or max skew assignments found ;
; client_port[11] ; No output delay, min/max delays, false-path exceptions, or max skew assignments found ;
; client_port[12] ; No output delay, min/max delays, false-path exceptions, or max skew assignments found ;
; client_port[13] ; No output delay, min/max delays, false-path exceptions, or max skew assignments found ;
; client_port[14] ; No output delay, min/max delays, false-path exceptions, or max skew assignments found ;
; client_port[15] ; No output delay, min/max delays, false-path exceptions, or max skew assignments found ;
; in_ready        ; No output delay, min/max delays, false-path exceptions, or max skew assignments found ;
; is_connected    ; No output delay, min/max delays, false-path exceptions, or max skew assignments found ;
; out_data[1]     ; No output delay, min/max delays, false-path exceptions, or max skew assignments found ;
; out_data[4]     ; No output delay, min/max delays, false-path exceptions, or max skew assignments found ;
; out_eop         ; No output delay, min/max delays, false-path exceptions, or max skew assignments found ;
; out_sop         ; No output delay, min/max delays, false-path exceptions, or max skew assignments found ;
; out_valid       ; No output delay, min/max delays, false-path exceptions, or max skew assignments found ;
+-----------------+---------------------------------------------------------------------------------------+


+---------------------------------------------------------------------------------------------------+
; Unconstrained Input Ports                                                                         ;
+------------+--------------------------------------------------------------------------------------+
; Input Port ; Comment                                                                              ;
+------------+--------------------------------------------------------------------------------------+
; in_data[0] ; No input delay, min/max delays, false-path exceptions, or max skew assignments found ;
; in_data[1] ; No input delay, min/max delays, false-path exceptions, or max skew assignments found ;
; in_data[2] ; No input delay, min/max delays, false-path exceptions, or max skew assignments found ;
; in_data[3] ; No input delay, min/max delays, false-path exceptions, or max skew assignments found ;
; in_data[4] ; No input delay, min/max delays, false-path exceptions, or max skew assignments found ;
; in_data[5] ; No input delay, min/max delays, false-path exceptions, or max skew assignments found ;
; in_data[6] ; No input delay, min/max delays, false-path exceptions, or max skew assignments found ;
; in_data[7] ; No input delay, min/max delays, false-path exceptions, or max skew assignments found ;
; in_eop     ; No input delay, min/max delays, false-path exceptions, or max skew assignments found ;
; in_sop     ; No input delay, min/max delays, false-path exceptions, or max skew assignments found ;
; in_valid   ; No input delay, min/max delays, false-path exceptions, or max skew assignments found ;
; out_ready  ; No input delay, min/max delays, false-path exceptions, or max skew assignments found ;
; reset      ; No input delay, min/max delays, false-path exceptions, or max skew assignments found ;
+------------+--------------------------------------------------------------------------------------+


+---------------------------------------------------------------------------------------------------------+
; Unconstrained Output Ports                                                                              ;
+-----------------+---------------------------------------------------------------------------------------+
; Output Port     ; Comment                                                                               ;
+-----------------+---------------------------------------------------------------------------------------+
; client_ip[0]    ; No output delay, min/max delays, false-path exceptions, or max skew assignments found ;
; client_ip[1]    ; No output delay, min/max delays, false-path exceptions, or max skew assignments found ;
; client_ip[2]    ; No output delay, min/max delays, false-path exceptions, or max skew assignments found ;
; client_ip[3]    ; No output delay, min/max delays, false-path exceptions, or max skew assignments found ;
; client_ip[4]    ; No output delay, min/max delays, false-path exceptions, or max skew assignments found ;
; client_ip[5]    ; No output delay, min/max delays, false-path exceptions, or max skew assignments found ;
; client_ip[6]    ; No output delay, min/max delays, false-path exceptions, or max skew assignments found ;
; client_ip[7]    ; No output delay, min/max delays, false-path exceptions, or max skew assignments found ;
; client_ip[8]    ; No output delay, min/max delays, false-path exceptions, or max skew assignments found ;
; client_ip[9]    ; No output delay, min/max delays, false-path exceptions, or max skew assignments found ;
; client_ip[10]   ; No output delay, min/max delays, false-path exceptions, or max skew assignments found ;
; client_ip[11]   ; No output delay, min/max delays, false-path exceptions, or max skew assignments found ;
; client_ip[12]   ; No output delay, min/max delays, false-path exceptions, or max skew assignments found ;
; client_ip[13]   ; No output delay, min/max delays, false-path exceptions, or max skew assignments found ;
; client_ip[14]   ; No output delay, min/max delays, false-path exceptions, or max skew assignments found ;
; client_ip[15]   ; No output delay, min/max delays, false-path exceptions, or max skew assignments found ;
; client_ip[16]   ; No output delay, min/max delays, false-path exceptions, or max skew assignments found ;
; client_ip[17]   ; No output delay, min/max delays, false-path exceptions, or max skew assignments found ;
; client_ip[18]   ; No output delay, min/max delays, false-path exceptions, or max skew assignments found ;
; client_ip[19]   ; No output delay, min/max delays, false-path exceptions, or max skew assignments found ;
; client_ip[20]   ; No output delay, min/max delays, false-path exceptions, or max skew assignments found ;
; client_ip[21]   ; No output delay, min/max delays, false-path exceptions, or max skew assignments found ;
; client_ip[22]   ; No output delay, min/max delays, false-path exceptions, or max skew assignments found ;
; client_ip[23]   ; No output delay, min/max delays, false-path exceptions, or max skew assignments found ;
; client_ip[24]   ; No output delay, min/max delays, false-path exceptions, or max skew assignments found ;
; client_ip[25]   ; No output delay, min/max delays, false-path exceptions, or max skew assignments found ;
; client_ip[26]   ; No output delay, min/max delays, false-path exceptions, or max skew assignments found ;
; client_ip[27]   ; No output delay, min/max delays, false-path exceptions, or max skew assignments found ;
; client_ip[28]   ; No output delay, min/max delays, false-path exceptions, or max skew assignments found ;
; client_ip[29]   ; No output delay, min/max delays, false-path exceptions, or max skew assignments found ;
; client_ip[30]   ; No output delay, min/max delays, false-path exceptions, or max skew assignments found ;
; client_ip[31]   ; No output delay, min/max delays, false-path exceptions, or max skew assignments found ;
; client_mac[0]   ; No output delay, min/max delays, false-path exceptions, or max skew assignments found ;
; client_mac[1]   ; No output delay, min/max delays, false-path exceptions, or max skew assignments found ;
; client_mac[2]   ; No output delay, min/max delays, false-path exceptions, or max skew assignments found ;
; client_mac[3]   ; No output delay, min/max delays, false-path exceptions, or max skew assignments found ;
; client_mac[4]   ; No output delay, min/max delays, false-path exceptions, or max skew assignments found ;
; client_mac[5]   ; No output delay, min/max delays, false-path exceptions, or max skew assignments found ;
; client_mac[6]   ; No output delay, min/max delays, false-path exceptions, or max skew assignments found ;
; client_mac[7]   ; No output delay, min/max delays, false-path exceptions, or max skew assignments found ;
; client_mac[8]   ; No output delay, min/max delays, false-path exceptions, or max skew assignments found ;
; client_mac[9]   ; No output delay, min/max delays, false-path exceptions, or max skew assignments found ;
; client_mac[10]  ; No output delay, min/max delays, false-path exceptions, or max skew assignments found ;
; client_mac[11]  ; No output delay, min/max delays, false-path exceptions, or max skew assignments found ;
; client_mac[12]  ; No output delay, min/max delays, false-path exceptions, or max skew assignments found ;
; client_mac[13]  ; No output delay, min/max delays, false-path exceptions, or max skew assignments found ;
; client_mac[14]  ; No output delay, min/max delays, false-path exceptions, or max skew assignments found ;
; client_mac[15]  ; No output delay, min/max delays, false-path exceptions, or max skew assignments found ;
; client_mac[16]  ; No output delay, min/max delays, false-path exceptions, or max skew assignments found ;
; client_mac[17]  ; No output delay, min/max delays, false-path exceptions, or max skew assignments found ;
; client_mac[18]  ; No output delay, min/max delays, false-path exceptions, or max skew assignments found ;
; client_mac[19]  ; No output delay, min/max delays, false-path exceptions, or max skew assignments found ;
; client_mac[20]  ; No output delay, min/max delays, false-path exceptions, or max skew assignments found ;
; client_mac[21]  ; No output delay, min/max delays, false-path exceptions, or max skew assignments found ;
; client_mac[22]  ; No output delay, min/max delays, false-path exceptions, or max skew assignments found ;
; client_mac[23]  ; No output delay, min/max delays, false-path exceptions, or max skew assignments found ;
; client_mac[24]  ; No output delay, min/max delays, false-path exceptions, or max skew assignments found ;
; client_mac[25]  ; No output delay, min/max delays, false-path exceptions, or max skew assignments found ;
; client_mac[26]  ; No output delay, min/max delays, false-path exceptions, or max skew assignments found ;
; client_mac[27]  ; No output delay, min/max delays, false-path exceptions, or max skew assignments found ;
; client_mac[28]  ; No output delay, min/max delays, false-path exceptions, or max skew assignments found ;
; client_mac[29]  ; No output delay, min/max delays, false-path exceptions, or max skew assignments found ;
; client_mac[30]  ; No output delay, min/max delays, false-path exceptions, or max skew assignments found ;
; client_mac[31]  ; No output delay, min/max delays, false-path exceptions, or max skew assignments found ;
; client_mac[32]  ; No output delay, min/max delays, false-path exceptions, or max skew assignments found ;
; client_mac[33]  ; No output delay, min/max delays, false-path exceptions, or max skew assignments found ;
; client_mac[34]  ; No output delay, min/max delays, false-path exceptions, or max skew assignments found ;
; client_mac[35]  ; No output delay, min/max delays, false-path exceptions, or max skew assignments found ;
; client_mac[36]  ; No output delay, min/max delays, false-path exceptions, or max skew assignments found ;
; client_mac[37]  ; No output delay, min/max delays, false-path exceptions, or max skew assignments found ;
; client_mac[38]  ; No output delay, min/max delays, false-path exceptions, or max skew assignments found ;
; client_mac[39]  ; No output delay, min/max delays, false-path exceptions, or max skew assignments found ;
; client_mac[40]  ; No output delay, min/max delays, false-path exceptions, or max skew assignments found ;
; client_mac[41]  ; No output delay, min/max delays, false-path exceptions, or max skew assignments found ;
; client_mac[42]  ; No output delay, min/max delays, false-path exceptions, or max skew assignments found ;
; client_mac[43]  ; No output delay, min/max delays, false-path exceptions, or max skew assignments found ;
; client_mac[44]  ; No output delay, min/max delays, false-path exceptions, or max skew assignments found ;
; client_mac[45]  ; No output delay, min/max delays, false-path exceptions, or max skew assignments found ;
; client_mac[46]  ; No output delay, min/max delays, false-path exceptions, or max skew assignments found ;
; client_mac[47]  ; No output delay, min/max delays, false-path exceptions, or max skew assignments found ;
; client_port[0]  ; No output delay, min/max delays, false-path exceptions, or max skew assignments found ;
; client_port[1]  ; No output delay, min/max delays, false-path exceptions, or max skew assignments found ;
; client_port[2]  ; No output delay, min/max delays, false-path exceptions, or max skew assignments found ;
; client_port[3]  ; No output delay, min/max delays, false-path exceptions, or max skew assignments found ;
; client_port[4]  ; No output delay, min/max delays, false-path exceptions, or max skew assignments found ;
; client_port[5]  ; No output delay, min/max delays, false-path exceptions, or max skew assignments found ;
; client_port[6]  ; No output delay, min/max delays, false-path exceptions, or max skew assignments found ;
; client_port[7]  ; No output delay, min/max delays, false-path exceptions, or max skew assignments found ;
; client_port[8]  ; No output delay, min/max delays, false-path exceptions, or max skew assignments found ;
; client_port[9]  ; No output delay, min/max delays, false-path exceptions, or max skew assignments found ;
; client_port[10] ; No output delay, min/max delays, false-path exceptions, or max skew assignments found ;
; client_port[11] ; No output delay, min/max delays, false-path exceptions, or max skew assignments found ;
; client_port[12] ; No output delay, min/max delays, false-path exceptions, or max skew assignments found ;
; client_port[13] ; No output delay, min/max delays, false-path exceptions, or max skew assignments found ;
; client_port[14] ; No output delay, min/max delays, false-path exceptions, or max skew assignments found ;
; client_port[15] ; No output delay, min/max delays, false-path exceptions, or max skew assignments found ;
; in_ready        ; No output delay, min/max delays, false-path exceptions, or max skew assignments found ;
; is_connected    ; No output delay, min/max delays, false-path exceptions, or max skew assignments found ;
; out_data[1]     ; No output delay, min/max delays, false-path exceptions, or max skew assignments found ;
; out_data[4]     ; No output delay, min/max delays, false-path exceptions, or max skew assignments found ;
; out_eop         ; No output delay, min/max delays, false-path exceptions, or max skew assignments found ;
; out_sop         ; No output delay, min/max delays, false-path exceptions, or max skew assignments found ;
; out_valid       ; No output delay, min/max delays, false-path exceptions, or max skew assignments found ;
+-----------------+---------------------------------------------------------------------------------------+


+--------------------------+
; Timing Analyzer Messages ;
+--------------------------+
Info: *******************************************************************
Info: Running Quartus Prime Timing Analyzer
    Info: Version 19.1.0 Build 670 09/22/2019 SJ Lite Edition
    Info: Processing started: Sat Jan 31 09:48:11 2026
Info: Command: quartus_sta TCP -c TCP
Info: qsta_default_script.tcl version: #1
Warning (18236): Number of processors has not been specified which may cause overloading on shared machines.  Set the global assignment NUM_PARALLEL_PROCESSORS in your QSF to an appropriate value for best performance.
Info (20030): Parallel compilation is enabled and will use 8 of the 8 processors detected
Info (21076): High junction temperature operating condition is not set. Assuming a default value of '85'.
Info (21076): Low junction temperature operating condition is not set. Assuming a default value of '0'.
Critical Warning (332012): Synopsys Design Constraints File file not found: 'TCP.sdc'. A Synopsys Design Constraints File is required by the Timing Analyzer to get proper timing constraints. Without it, the Compiler will not properly optimize the design.
Info (332142): No user constrained base clocks found in the design. Calling "derive_clocks -period 1.0"
Info (332105): Deriving Clocks
    Info (332105): create_clock -period 1.000 -name clock clock
Info (332143): No user constrained clock uncertainty found in the design. Calling "derive_clock_uncertainty"
Info (332123): Deriving Clock Uncertainty. Please refer to report_sdc in the Timing Analyzer to see clock uncertainties.
Info: Found TIMING_ANALYZER_REPORT_SCRIPT_INCLUDE_DEFAULT_ANALYSIS = ON
Info: Analyzing Slow 1200mV 85C Model
Critical Warning (332148): Timing requirements not met
    Info (11105): For recommendations on closing timing, run Report Timing Closure Recommendations in the Timing Analyzer.
Info (332146): Worst-case setup slack is -2.178
    Info (332119):     Slack       End Point TNS Clock 
    Info (332119): ========= =================== =====================
    Info (332119):    -2.178            -323.011 clock 
Info (332146): Worst-case hold slack is 0.332
    Info (332119):     Slack       End Point TNS Clock 
    Info (332119): ========= =================== =====================
    Info (332119):     0.332               0.000 clock 
Info (332140): No Recovery paths to report
Info (332140): No Removal paths to report
Info (332146): Worst-case minimum pulse width slack is -3.000
    Info (332119):     Slack       End Point TNS Clock 
    Info (332119): ========= =================== =====================
    Info (332119):    -3.000            -200.000 clock 
Info: Analyzing Slow 1200mV 0C Model
Info (334003): Started post-fitting delay annotation
Info (334004): Delay annotation completed successfully
Info (332123): Deriving Clock Uncertainty. Please refer to report_sdc in the Timing Analyzer to see clock uncertainties.
Critical Warning (332148): Timing requirements not met
    Info (11105): For recommendations on closing timing, run Report Timing Closure Recommendations in the Timing Analyzer.
Info (332146): Worst-case setup slack is -1.888
    Info (332119):     Slack       End Point TNS Clock 
    Info (332119): ========= =================== =====================
    Info (332119):    -1.888            -273.032 clock 
Info (332146): Worst-case hold slack is 0.297
    Info (332119):     Slack       End Point TNS Clock 
    Info (332119): ========= =================== =====================
    Info (332119):     0.297               0.000 clock 
Info (332140): No Recovery paths to report
Info (332140): No Removal paths to report
Info (332146): Worst-case minimum pulse width slack is -3.000
    Info (332119):     Slack       End Point TNS Clock 
    Info (332119): ========= =================== =====================
    Info (332119):    -3.000            -200.000 clock 
Info: Analyzing Fast 1200mV 0C Model
Info (332123): Deriving Clock Uncertainty. Please refer to report_sdc in the Timing Analyzer to see clock uncertainties.
Critical Warning (332148): Timing requirements not met
    Info (11105): For recommendations on closing timing, run Report Timing Closure Recommendations in the Timing Analyzer.
Info (332146): Worst-case setup slack is -0.757
    Info (332119):     Slack       End Point TNS Clock 
    Info (332119): ========= =================== =====================
    Info (332119):    -0.757             -94.971 clock 
Info (332146): Worst-case hold slack is 0.156
    Info (332119):     Slack       End Point TNS Clock 
    Info (332119): ========= =================== =====================
    Info (332119):     0.156               0.000 clock 
Info (332140): No Recovery paths to report
Info (332140): No Removal paths to report
Info (332146): Worst-case minimum pulse width slack is -3.000
    Info (332119):     Slack       End Point TNS Clock 
    Info (332119): ========= =================== =====================
    Info (332119):    -3.000            -215.128 clock 
Info (332102): Design is not fully constrained for setup requirements
Info (332102): Design is not fully constrained for hold requirements
Info: Quartus Prime Timing Analyzer was successful. 0 errors, 5 warnings
    Info: Peak virtual memory: 4824 megabytes
    Info: Processing ended: Sat Jan 31 09:48:14 2026
    Info: Elapsed time: 00:00:03
    Info: Total CPU time (on all processors): 00:00:04


